timestamp,vibration_x,vibration_y,vibration_z,strain,tilt,health_score,prediction_window,defect_type,scenario
2025-12-05T13:28:12.800158,0.6486,0.7404,0.3146,700.87,4.55,58,45-60 days,Early-stage Rebar Corrosion,critical
2025-12-05T13:29:42.800158,0.1387,0.0538,0.1908,46.88,-0.18,99,None (Safe),None,normal
2025-12-05T13:31:12.800158,0.2329,0.0491,0.1359,98.11,0.4,100,None (Safe),None,normal
2025-12-05T13:32:42.800158,0.5794,0.3638,0.6797,813.71,4.23,51,45-60 days,Early-stage Rebar Corrosion,critical
2025-12-05T13:34:12.800158,0.0773,0.162,0.0355,91.21,-0.21,98,None (Safe),None,normal
2025-12-05T13:35:42.800158,0.2191,0.1819,0.1571,95.06,0.07,100,None (Safe),None,normal
2025-12-05T13:37:12.800158,0.4147,0.6287,0.4588,729.02,2.5,50,45-60 days,Early-stage Rebar Corrosion,critical
2025-12-05T13:38:42.800158,0.1902,0.038,0.2055,59.84,-0.46,100,None (Safe),None,normal
2025-12-05T13:40:12.800158,0.1575,0.0321,0.0031,73.16,0.27,99,None (Safe),None,normal
2025-12-05T13:41:42.800158,0.1065,0.1537,0.1086,84.0,0.36,100,None (Safe),None,normal
2025-12-05T13:43:12.800158,0.1519,0.1999,0.2347,25.65,0.22,98,None (Safe),None,normal
2025-12-05T13:44:42.800158,0.0806,0.0222,0.0094,40.35,-0.13,99,None (Safe),None,normal
2025-12-05T13:46:12.800158,0.2188,0.1783,0.0705,64.49,0.43,99,None (Safe),None,normal
2025-12-05T13:47:42.800158,0.2187,0.1108,0.1328,22.71,-0.35,96,None (Safe),None,normal
2025-12-05T13:49:12.800158,0.2315,0.2445,0.1494,69.62,0.08,96,None (Safe),None,normal
2025-12-05T13:50:42.800158,0.7941,0.3697,0.6343,876.14,4.09,49,45-60 days,Early-stage Rebar Corrosion,critical
2025-12-05T13:52:12.800158,0.0982,0.0737,0.2036,51.81,0.49,96,None (Safe),None,normal
2025-12-05T13:53:42.800158,0.1181,0.2057,0.0798,50.08,0.43,96,None (Safe),None,normal
2025-12-05T13:55:12.800158,0.6328,0.656,0.6657,866.71,4.15,61,45-60 days,Early-stage Rebar Corrosion,critical
2025-12-05T13:56:42.800158,0.204,0.2423,0.1103,70.97,-0.32,97,None (Safe),None,normal
2025-12-05T13:58:12.800158,0.0291,0.1585,0.054,84.4,-0.1,99,None (Safe),None,normal
2025-12-05T13:59:42.800158,0.0038,0.0059,0.1764,78.99,0.05,97,None (Safe),None,normal
2025-12-05T14:01:12.800158,0.1912,0.1601,0.2114,33.43,-0.08,96,None (Safe),None,normal
2025-12-05T14:02:42.800158,0.1201,0.1097,0.008,74.37,-0.4,96,None (Safe),None,normal
2025-12-05T14:04:12.800158,0.2076,0.0534,0.1014,85.97,0.04,97,None (Safe),None,normal
2025-12-05T14:05:42.800158,0.2199,0.1811,0.1125,36.78,0.22,97,None (Safe),None,normal
2025-12-05T14:07:12.800158,0.11,0.2048,0.1798,21.28,-0.45,100,None (Safe),None,normal
2025-12-05T14:08:42.800158,0.0144,0.2317,0.1366,67.72,0.46,98,None (Safe),None,normal
2025-12-05T14:10:12.800158,0.0307,0.0913,0.0166,61.22,-0.42,100,None (Safe),None,normal
2025-12-05T14:11:42.800158,0.1334,0.1598,0.158,66.42,-0.09,99,None (Safe),None,normal
2025-12-05T14:13:12.800158,0.1172,0.1365,0.0607,99.53,0.05,96,None (Safe),None,normal
2025-12-05T14:14:42.800158,0.0128,0.0553,0.0889,26.55,-0.28,97,None (Safe),None,normal
2025-12-05T14:16:12.800158,0.1635,0.0787,0.1803,83.99,-0.15,95,None (Safe),None,normal
2025-12-05T14:17:42.800158,0.1071,0.0747,0.1637,59.34,0.15,96,None (Safe),None,normal
2025-12-05T14:19:12.800158,0.1408,0.1505,0.0437,59.73,-0.05,99,None (Safe),None,normal
2025-12-05T14:20:42.800158,0.053,0.1185,0.2262,94.86,-0.28,98,None (Safe),None,normal
2025-12-05T14:22:12.800158,0.1544,0.0889,0.1862,55.8,-0.2,97,None (Safe),None,normal
2025-12-05T14:23:42.800158,0.1272,0.0764,0.1878,66.14,0.07,95,None (Safe),None,normal
2025-12-05T14:25:12.800158,0.0174,0.0666,0.2395,95.9,-0.27,97,None (Safe),None,normal
2025-12-05T14:26:42.800158,0.0729,0.0468,0.0157,22.43,0.34,98,None (Safe),None,normal
2025-12-05T14:28:12.800158,0.028,0.0872,0.1299,95.74,0.37,100,None (Safe),None,normal
2025-12-05T14:29:42.800158,0.0657,0.0091,0.189,64.42,-0.24,95,None (Safe),None,normal
2025-12-05T14:31:12.800158,0.1698,0.1566,0.0695,32.03,0.07,95,None (Safe),None,normal
2025-12-05T14:32:42.800158,0.1807,0.2247,0.1738,60.99,0.01,99,None (Safe),None,normal
2025-12-05T14:34:12.800158,0.117,0.2308,0.0023,25.03,0.24,100,None (Safe),None,normal
2025-12-05T14:35:42.800158,0.1851,0.0573,0.165,72.5,0.32,100,None (Safe),None,normal
2025-12-05T14:37:12.800158,0.091,0.2142,0.0374,51.53,-0.43,100,None (Safe),None,normal
2025-12-05T14:38:42.800158,0.0595,0.2226,0.022,57.09,-0.32,97,None (Safe),None,normal
2025-12-05T14:40:12.800158,0.0878,0.0931,0.089,73.22,0.2,96,None (Safe),None,normal
2025-12-05T14:41:42.800158,0.4936,0.7952,0.3221,712.53,2.06,54,45-60 days,Early-stage Rebar Corrosion,critical
2025-12-05T14:43:12.800158,0.2472,0.1485,0.2236,16.28,0.5,95,None (Safe),None,normal
2025-12-05T14:44:42.800158,0.0234,0.2249,0.0146,18.09,-0.32,97,None (Safe),None,normal
2025-12-05T14:46:12.800158,0.0103,0.2367,0.2449,50.84,-0.48,97,None (Safe),None,normal
2025-12-05T14:47:42.800158,0.0972,0.0538,0.146,19.75,-0.2,98,None (Safe),None,normal
2025-12-05T14:49:12.800158,0.1207,0.2177,0.0625,76.03,-0.18,96,None (Safe),None,normal
2025-12-05T14:50:42.800158,0.2038,0.172,0.1093,97.93,-0.14,98,None (Safe),None,normal
2025-12-05T14:52:12.800158,0.0852,0.1636,0.2051,33.09,-0.41,98,None (Safe),None,normal
2025-12-05T14:53:42.800158,0.004,0.1741,0.165,22.91,-0.29,99,None (Safe),None,normal
2025-12-05T14:55:12.800158,0.06,0.123,0.1487,59.27,-0.32,96,None (Safe),None,normal
2025-12-05T14:56:42.800158,0.0766,0.2074,0.0067,63.55,0.31,98,None (Safe),None,normal
2025-12-05T14:58:12.800158,0.2477,0.207,0.2198,72.49,0.41,99,None (Safe),None,normal
2025-12-05T14:59:42.800158,0.1127,0.2409,0.0586,42.09,-0.43,97,None (Safe),None,normal
2025-12-05T15:01:12.800158,0.1151,0.0949,0.1388,68.45,0.23,99,None (Safe),None,normal
2025-12-05T15:02:42.800158,0.1601,0.1513,0.0043,52.66,-0.27,97,None (Safe),None,normal
2025-12-05T15:04:12.800158,0.1826,0.142,0.125,53.42,0.22,96,None (Safe),None,normal
2025-12-05T15:05:42.800158,0.0087,0.0306,0.2302,61.85,-0.26,99,None (Safe),None,normal
2025-12-05T15:07:12.800158,0.0621,0.1006,0.2399,38.69,0.5,99,None (Safe),None,normal
2025-12-05T15:08:42.800158,0.2389,0.2113,0.0839,10.88,-0.25,97,None (Safe),None,normal
2025-12-05T15:10:12.800158,0.0281,0.067,0.1133,77.7,0.01,97,None (Safe),None,normal
2025-12-05T15:11:42.800158,0.1222,0.2345,0.0755,45.75,0.45,96,None (Safe),None,normal
2025-12-05T15:13:12.800158,0.0021,0.0843,0.0058,51.25,0.26,96,None (Safe),None,normal
2025-12-05T15:14:42.800158,0.0289,0.1219,0.0808,75.95,0.5,99,None (Safe),None,normal
2025-12-05T15:16:12.800158,0.1293,0.1157,0.1413,76.27,-0.41,100,None (Safe),None,normal
2025-12-05T15:17:42.800158,0.1007,0.1972,0.131,47.78,-0.48,97,None (Safe),None,normal
2025-12-05T15:19:12.800158,0.0631,0.0689,0.0477,73.03,-0.49,98,None (Safe),None,normal
2025-12-05T15:20:42.800158,0.0322,0.1691,0.1282,86.0,0.45,97,None (Safe),None,normal
2025-12-05T15:22:12.800158,0.0643,0.0903,0.1626,23.53,0.37,98,None (Safe),None,normal
2025-12-05T15:23:42.800158,0.0523,0.0752,0.1841,42.18,-0.46,100,None (Safe),None,normal
2025-12-05T15:25:12.800158,0.1461,0.1886,0.0559,46.91,-0.37,98,None (Safe),None,normal
2025-12-05T15:26:42.800158,0.0141,0.23,0.133,12.47,0.37,95,None (Safe),None,normal
2025-12-05T15:28:12.800158,0.069,0.2369,0.1331,11.97,0.34,97,None (Safe),None,normal
2025-12-05T15:29:42.800158,0.1793,0.1516,0.2223,95.82,0.46,95,None (Safe),None,normal
2025-12-05T15:31:12.800158,0.1743,0.1519,0.2486,54.81,-0.33,98,None (Safe),None,normal
2025-12-05T15:32:42.800158,0.091,0.0463,0.1415,24.67,-0.12,97,None (Safe),None,normal
2025-12-05T15:34:12.800158,0.2132,0.1909,0.2156,18.06,-0.43,96,None (Safe),None,normal
2025-12-05T15:35:42.800158,0.0534,0.0175,0.2178,56.08,0.08,97,None (Safe),None,normal
2025-12-05T15:37:12.800158,0.1522,0.2317,0.1723,63.41,-0.46,95,None (Safe),None,normal
2025-12-05T15:38:42.800158,0.0452,0.0433,0.2122,89.45,-0.0,98,None (Safe),None,normal
2025-12-05T15:40:12.800158,0.1217,0.1698,0.1936,26.28,0.19,98,None (Safe),None,normal
2025-12-05T15:41:42.800158,0.0308,0.0012,0.1641,60.56,0.27,98,None (Safe),None,normal
2025-12-05T15:43:12.800158,0.1977,0.0521,0.0915,80.06,0.0,99,None (Safe),None,normal
2025-12-05T15:44:42.800158,0.0947,0.1901,0.2472,18.42,-0.5,99,None (Safe),None,normal
2025-12-05T15:46:12.800158,0.0745,0.178,0.019,34.18,-0.09,100,None (Safe),None,normal
2025-12-05T15:47:42.800158,0.1422,0.18,0.0856,66.02,-0.23,100,None (Safe),None,normal
2025-12-05T15:49:12.800158,0.1999,0.1821,0.1294,57.76,-0.22,95,None (Safe),None,normal
2025-12-05T15:50:42.800158,0.0421,0.2397,0.1933,68.43,-0.47,95,None (Safe),None,normal
2025-12-05T15:52:12.800158,0.1191,0.1223,0.0296,57.55,0.37,97,None (Safe),None,normal
2025-12-05T15:53:42.800158,0.106,0.0503,0.1705,33.55,0.03,96,None (Safe),None,normal
2025-12-05T15:55:12.800158,0.0594,0.2251,0.2296,38.99,-0.06,96,None (Safe),None,normal
2025-12-05T15:56:42.800158,0.0904,0.1516,0.0819,88.71,-0.42,98,None (Safe),None,normal
2025-12-05T15:58:12.800158,0.1672,0.1954,0.0667,84.85,0.33,95,None (Safe),None,normal
2025-12-05T15:59:42.800158,0.1108,0.0037,0.0924,84.16,-0.49,96,None (Safe),None,normal
2025-12-05T16:01:12.800158,0.1054,0.1591,0.0925,94.24,0.49,95,None (Safe),None,normal
2025-12-05T16:02:42.800158,0.1465,0.1449,0.2277,43.63,0.28,100,None (Safe),None,normal
2025-12-05T16:04:12.800158,0.2473,0.0043,0.0631,84.57,-0.2,98,None (Safe),None,normal
2025-12-05T16:05:42.800158,0.1149,0.1036,0.0773,42.95,-0.21,95,None (Safe),None,normal
2025-12-05T16:07:12.800158,0.1681,0.1716,0.0141,62.66,-0.4,96,None (Safe),None,normal
2025-12-05T16:08:42.800158,0.035,0.0262,0.2035,21.36,-0.42,99,None (Safe),None,normal
2025-12-05T16:10:12.800158,0.0904,0.048,0.0939,90.87,-0.14,95,None (Safe),None,normal
2025-12-05T16:11:42.800158,0.2252,0.0993,0.1434,69.54,-0.12,99,None (Safe),None,normal
2025-12-05T16:13:12.800158,0.213,0.2348,0.0753,58.59,-0.08,100,None (Safe),None,normal
2025-12-05T16:14:42.800158,0.0889,0.0469,0.1007,99.8,-0.47,95,None (Safe),None,normal
2025-12-05T16:16:12.800158,0.0793,0.0122,0.2345,49.46,0.14,100,None (Safe),None,normal
2025-12-05T16:17:42.800158,0.0508,0.1803,0.1225,88.09,-0.43,100,None (Safe),None,normal
2025-12-05T16:19:12.800158,0.0541,0.079,0.0287,89.21,-0.32,96,None (Safe),None,normal
2025-12-05T16:20:42.800158,0.1416,0.1634,0.1439,28.6,0.49,97,None (Safe),None,normal
2025-12-05T16:22:12.800158,0.0986,0.1959,0.1638,77.73,0.24,98,None (Safe),None,normal
2025-12-05T16:23:42.800158,0.1762,0.1274,0.0342,13.83,0.09,98,None (Safe),None,normal
2025-12-05T16:25:12.800158,0.102,0.08,0.1192,29.38,0.32,96,None (Safe),None,normal
2025-12-05T16:26:42.800158,0.0544,0.1314,0.0018,17.0,0.14,98,None (Safe),None,normal
2025-12-05T16:28:12.800158,0.034,0.0592,0.1891,19.7,-0.13,96,None (Safe),None,normal
2025-12-05T16:29:42.800158,0.1794,0.2114,0.0184,69.77,-0.12,95,None (Safe),None,normal
2025-12-05T16:31:12.800158,0.004,0.1271,0.1389,55.26,-0.22,100,None (Safe),None,normal
2025-12-05T16:32:42.800158,0.1926,0.2432,0.2273,20.55,-0.11,97,None (Safe),None,normal
2025-12-05T16:34:12.800158,0.0382,0.1012,0.1946,94.94,0.35,100,None (Safe),None,normal
2025-12-05T16:35:42.800158,0.2015,0.0312,0.0072,64.6,-0.3,99,None (Safe),None,normal
2025-12-05T16:37:12.800158,0.0356,0.1146,0.1385,53.0,0.41,97,None (Safe),None,normal
2025-12-05T16:38:42.800158,0.2392,0.2197,0.1208,94.86,-0.32,99,None (Safe),None,normal
2025-12-05T16:40:12.800158,0.1404,0.091,0.1766,68.06,-0.13,98,None (Safe),None,normal
2025-12-05T16:41:42.800158,0.6272,0.6324,0.6877,526.83,2.5,53,45-60 days,Early-stage Rebar Corrosion,critical
2025-12-05T16:43:12.800158,0.1745,0.0927,0.2019,81.77,0.15,99,None (Safe),None,normal
2025-12-05T16:44:42.800158,0.0522,0.1857,0.1396,50.61,-0.47,100,None (Safe),None,normal
2025-12-05T16:46:12.800158,0.0453,0.1413,0.25,33.91,-0.47,97,None (Safe),None,normal
2025-12-05T16:47:42.800158,0.1754,0.242,0.0152,20.73,-0.12,100,None (Safe),None,normal
2025-12-05T16:49:12.800158,0.1153,0.0764,0.085,36.91,0.24,96,None (Safe),None,normal
2025-12-05T16:50:42.800158,0.2298,0.0937,0.0531,81.68,0.25,96,None (Safe),None,normal
2025-12-05T16:52:12.800158,0.1107,0.0117,0.0092,84.7,0.35,98,None (Safe),None,normal
2025-12-05T16:53:42.800158,0.1913,0.1122,0.0589,88.89,-0.33,95,None (Safe),None,normal
2025-12-05T16:55:12.800158,0.1925,0.0379,0.0376,39.57,-0.45,97,None (Safe),None,normal
2025-12-05T16:56:42.800158,0.1187,0.0597,0.1308,96.65,-0.18,100,None (Safe),None,normal
2025-12-05T16:58:12.800158,0.0564,0.157,0.152,81.33,-0.12,95,None (Safe),None,normal
2025-12-05T16:59:42.800158,0.034,0.0961,0.0524,57.17,0.48,98,None (Safe),None,normal
2025-12-05T17:01:12.800158,0.2423,0.1638,0.0017,13.11,0.31,96,None (Safe),None,normal
2025-12-05T17:02:42.800158,0.1201,0.0381,0.0135,42.42,0.44,97,None (Safe),None,normal
2025-12-05T17:04:12.800158,0.2493,0.2349,0.1665,92.36,0.33,99,None (Safe),None,normal
2025-12-05T17:05:42.800158,0.0646,0.011,0.0598,22.37,0.4,95,None (Safe),None,normal
2025-12-05T17:07:12.800158,0.1161,0.0285,0.0132,95.8,0.2,97,None (Safe),None,normal
2025-12-05T17:08:42.800158,0.0445,0.0272,0.2249,81.83,0.25,95,None (Safe),None,normal
2025-12-05T17:10:12.800158,0.1564,0.2482,0.135,77.45,0.19,96,None (Safe),None,normal
2025-12-05T17:11:42.800158,0.1775,0.2119,0.0193,35.49,0.28,98,None (Safe),None,normal
2025-12-05T17:13:12.800158,0.1702,0.0898,0.0345,73.18,-0.46,96,None (Safe),None,normal
2025-12-05T17:14:42.800158,0.007,0.0727,0.0051,50.45,0.46,96,None (Safe),None,normal
2025-12-05T17:16:12.800158,0.1425,0.1775,0.1735,80.76,-0.24,100,None (Safe),None,normal
2025-12-05T17:17:42.800158,0.175,0.0303,0.1279,84.34,-0.24,96,None (Safe),None,normal
2025-12-05T17:19:12.800158,0.2067,0.2433,0.1338,95.06,0.32,98,None (Safe),None,normal
2025-12-05T17:20:42.800158,0.1333,0.1219,0.0097,26.97,0.12,100,None (Safe),None,normal
2025-12-05T17:22:12.800158,0.1728,0.1446,0.077,40.78,-0.27,99,None (Safe),None,normal
2025-12-05T17:23:42.800158,0.1197,0.1388,0.1479,42.77,-0.35,96,None (Safe),None,normal
2025-12-05T17:25:12.800158,0.2128,0.2493,0.059,37.47,0.02,95,None (Safe),None,normal
2025-12-05T17:26:42.800158,0.0989,0.0775,0.0728,26.91,0.47,97,None (Safe),None,normal
2025-12-05T17:28:12.800158,0.2474,0.0616,0.0805,97.97,0.47,97,None (Safe),None,normal
2025-12-05T17:29:42.800158,0.3244,0.5447,0.6193,690.59,4.42,60,45-60 days,Early-stage Rebar Corrosion,critical
2025-12-05T17:31:12.800158,0.1101,0.1729,0.0589,96.23,-0.26,99,None (Safe),None,normal
2025-12-05T17:32:42.800158,0.184,0.1484,0.2049,36.15,-0.47,100,None (Safe),None,normal
2025-12-05T17:34:12.800158,0.1171,0.063,0.224,78.84,0.01,98,None (Safe),None,normal
2025-12-05T17:35:42.800158,0.1647,0.0651,0.0601,23.05,-0.44,99,None (Safe),None,normal
2025-12-05T17:37:12.800158,0.0781,0.1074,0.1859,33.93,0.42,96,None (Safe),None,normal
2025-12-05T17:38:42.800158,0.119,0.0115,0.0616,69.72,0.11,98,None (Safe),None,normal
2025-12-05T17:40:12.800158,0.0374,0.2429,0.1982,82.81,0.5,98,None (Safe),None,normal
2025-12-05T17:41:42.800158,0.0502,0.2478,0.2405,63.17,0.34,98,None (Safe),None,normal
2025-12-05T17:43:12.800158,0.1187,0.2031,0.0951,16.73,-0.06,96,None (Safe),None,normal
2025-12-05T17:44:42.800158,0.1716,0.1773,0.0839,97.38,-0.34,97,None (Safe),None,normal
2025-12-05T17:46:12.800158,0.072,0.2251,0.0862,77.91,-0.41,99,None (Safe),None,normal
2025-12-05T17:47:42.800158,0.1083,0.1305,0.0091,41.55,-0.22,95,None (Safe),None,normal
2025-12-05T17:49:12.800158,0.0409,0.1089,0.2426,73.46,-0.15,99,None (Safe),None,normal
2025-12-05T17:50:42.800158,0.2419,0.1201,0.1443,51.77,-0.44,98,None (Safe),None,normal
2025-12-05T17:52:12.800158,0.0291,0.1717,0.0343,19.47,-0.35,96,None (Safe),None,normal
2025-12-05T17:53:42.800158,0.2341,0.1901,0.1858,94.11,-0.06,100,None (Safe),None,normal
2025-12-05T17:55:12.800158,0.2337,0.1834,0.0701,39.28,0.19,98,None (Safe),None,normal
2025-12-05T17:56:42.800158,0.0079,0.2007,0.1265,11.76,0.16,98,None (Safe),None,normal
2025-12-05T17:58:12.800158,0.1745,0.1142,0.2198,49.16,-0.14,97,None (Safe),None,normal
2025-12-05T17:59:42.800158,0.123,0.1094,0.1896,52.86,0.19,100,None (Safe),None,normal
2025-12-05T18:01:12.800158,0.0084,0.0332,0.1625,52.49,-0.15,96,None (Safe),None,normal
2025-12-05T18:02:42.800158,0.2066,0.066,0.1206,45.84,-0.17,98,None (Safe),None,normal
2025-12-05T18:04:12.800158,0.0664,0.0341,0.0587,75.97,-0.4,95,None (Safe),None,normal
2025-12-05T18:05:42.800158,0.1227,0.241,0.2211,34.45,-0.32,100,None (Safe),None,normal
2025-12-05T18:07:12.800158,0.0075,0.2243,0.07,63.62,-0.41,99,None (Safe),None,normal
2025-12-05T18:08:42.800158,0.1656,0.0995,0.0758,77.27,0.21,96,None (Safe),None,normal
2025-12-05T18:10:12.800158,0.1965,0.0108,0.1294,32.07,-0.27,96,None (Safe),None,normal
2025-12-05T18:11:42.800158,0.0987,0.1646,0.0993,69.4,0.14,98,None (Safe),None,normal
2025-12-05T18:13:12.800158,0.51,0.5645,0.5778,631.33,3.29,55,45-60 days,Early-stage Rebar Corrosion,critical
2025-12-05T18:14:42.800158,0.0694,0.1991,0.0122,95.53,0.28,96,None (Safe),None,normal
2025-12-05T18:16:12.800158,0.1454,0.2059,0.1536,50.77,0.17,100,None (Safe),None,normal
2025-12-05T18:17:42.800158,0.0247,0.1625,0.0033,17.07,-0.22,95,None (Safe),None,normal
2025-12-05T18:19:12.800158,0.0578,0.0029,0.2107,52.58,0.11,99,None (Safe),None,normal
2025-12-05T18:20:42.800158,0.0886,0.0146,0.0134,64.97,-0.15,98,None (Safe),None,normal
2025-12-05T18:22:12.800158,0.194,0.1639,0.0793,31.21,-0.11,96,None (Safe),None,normal
2025-12-05T18:23:42.800158,0.1177,0.2239,0.1992,53.78,0.22,100,None (Safe),None,normal
2025-12-05T18:25:12.800158,0.0294,0.1743,0.241,97.32,0.37,96,None (Safe),None,normal
2025-12-05T18:26:42.800158,0.0233,0.1656,0.1458,16.55,-0.4,97,None (Safe),None,normal
2025-12-05T18:28:12.800158,0.1979,0.0529,0.1028,78.33,0.36,98,None (Safe),None,normal
2025-12-05T18:29:42.800158,0.248,0.0899,0.2422,37.79,0.03,100,None (Safe),None,normal
2025-12-05T18:31:12.800158,0.1949,0.1105,0.0994,49.66,-0.01,100,None (Safe),None,normal
2025-12-05T18:32:42.800158,0.122,0.0949,0.0065,88.03,-0.12,99,None (Safe),None,normal
2025-12-05T18:34:12.800158,0.235,0.039,0.0104,51.85,0.15,96,None (Safe),None,normal
2025-12-05T18:35:42.800158,0.1381,0.088,0.1748,92.47,0.12,100,None (Safe),None,normal
2025-12-05T18:37:12.800158,0.1318,0.1172,0.0283,27.35,-0.05,100,None (Safe),None,normal
2025-12-05T18:38:42.800158,0.2304,0.0155,0.129,97.27,0.07,100,None (Safe),None,normal
2025-12-05T18:40:12.800158,0.207,0.1021,0.1416,43.14,0.25,99,None (Safe),None,normal
2025-12-05T18:41:42.800158,0.2435,0.1434,0.1267,18.01,-0.05,99,None (Safe),None,normal
2025-12-05T18:43:12.800158,0.0165,0.0247,0.0724,23.45,-0.38,96,None (Safe),None,normal
2025-12-05T18:44:42.800158,0.2307,0.1239,0.0356,59.74,0.43,97,None (Safe),None,normal
2025-12-05T18:46:12.800158,0.013,0.023,0.0054,54.28,-0.08,99,None (Safe),None,normal
2025-12-05T18:47:42.800158,0.1404,0.0693,0.1683,99.41,-0.25,95,None (Safe),None,normal
2025-12-05T18:49:12.800158,0.1635,0.1502,0.0777,12.16,-0.46,98,None (Safe),None,normal
2025-12-05T18:50:42.800158,0.0405,0.1725,0.0358,42.95,0.12,95,None (Safe),None,normal
2025-12-05T18:52:12.800158,0.1877,0.0292,0.0659,67.73,0.07,95,None (Safe),None,normal
2025-12-05T18:53:42.800158,0.0258,0.1868,0.0879,29.1,-0.19,99,None (Safe),None,normal
2025-12-05T18:55:12.800158,0.1084,0.1805,0.09,19.7,-0.11,96,None (Safe),None,normal
2025-12-05T18:56:42.800158,0.1804,0.2419,0.1745,56.91,0.24,98,None (Safe),None,normal
2025-12-05T18:58:12.800158,0.2245,0.1106,0.1232,29.12,-0.38,96,None (Safe),None,normal
2025-12-05T18:59:42.800158,0.1531,0.0928,0.1062,82.23,-0.14,96,None (Safe),None,normal
2025-12-05T19:01:12.800158,0.1461,0.1051,0.0726,72.54,0.32,99,None (Safe),None,normal
2025-12-05T19:02:42.800158,0.1226,0.1383,0.1447,33.76,-0.16,95,None (Safe),None,normal
2025-12-05T19:04:12.800158,0.0474,0.2122,0.084,31.87,0.35,98,None (Safe),None,normal
2025-12-05T19:05:42.800158,0.0031,0.1723,0.2042,39.31,-0.02,98,None (Safe),None,normal
2025-12-05T19:07:12.800158,0.0299,0.2147,0.0093,66.49,0.34,98,None (Safe),None,normal
2025-12-05T19:08:42.800158,0.1994,0.0115,0.0216,11.32,0.01,100,None (Safe),None,normal
2025-12-05T19:10:12.800158,0.2496,0.0352,0.1703,79.49,-0.16,95,None (Safe),None,normal
2025-12-05T19:11:42.800158,0.032,0.16,0.0826,68.3,-0.33,98,None (Safe),None,normal
2025-12-05T19:13:12.800158,0.1504,0.1279,0.0824,19.45,-0.27,99,None (Safe),None,normal
2025-12-05T19:14:42.800158,0.1939,0.0043,0.2419,27.25,0.33,98,None (Safe),None,normal
2025-12-05T19:16:12.800158,0.0331,0.2283,0.1415,75.39,-0.35,97,None (Safe),None,normal
2025-12-05T19:17:42.800158,0.101,0.1175,0.1113,24.77,-0.16,95,None (Safe),None,normal
2025-12-05T19:19:12.800158,0.0091,0.029,0.0071,93.09,0.46,98,None (Safe),None,normal
2025-12-05T19:20:42.800158,0.1172,0.1428,0.1205,23.62,0.13,97,None (Safe),None,normal
2025-12-05T19:22:12.800158,0.0801,0.0164,0.1309,63.23,-0.29,100,None (Safe),None,normal
2025-12-05T19:23:42.800158,0.0406,0.2173,0.1402,37.47,-0.49,96,None (Safe),None,normal
2025-12-05T19:25:12.800158,0.0118,0.2236,0.1561,23.12,0.35,97,None (Safe),None,normal
2025-12-05T19:26:42.800158,0.0978,0.0851,0.2362,32.6,0.12,100,None (Safe),None,normal
2025-12-05T19:28:12.800158,0.1012,0.0352,0.2244,89.93,-0.1,100,None (Safe),None,normal
2025-12-05T19:29:42.800158,0.6334,0.5637,0.6564,682.06,3.69,65,45-60 days,Early-stage Rebar Corrosion,critical
2025-12-05T19:31:12.800158,0.2339,0.1583,0.1886,78.18,0.03,98,None (Safe),None,normal
2025-12-05T19:32:42.800158,0.6956,0.7219,0.6842,973.74,4.92,47,45-60 days,Early-stage Rebar Corrosion,critical
2025-12-05T19:34:12.800158,0.1763,0.0218,0.1089,81.58,0.35,97,None (Safe),None,normal
2025-12-05T19:35:42.800158,0.1194,0.0085,0.0526,76.44,0.25,100,None (Safe),None,normal
2025-12-05T19:37:12.800158,0.0101,0.1219,0.1546,46.63,-0.34,96,None (Safe),None,normal
2025-12-05T19:38:42.800158,0.2134,0.2389,0.0515,80.93,0.05,99,None (Safe),None,normal
2025-12-05T19:40:12.800158,0.1809,0.0905,0.0856,78.23,0.42,97,None (Safe),None,normal
2025-12-05T19:41:42.800158,0.2167,0.0242,0.1337,79.91,0.39,98,None (Safe),None,normal
2025-12-05T19:43:12.800158,0.2459,0.1685,0.073,32.62,0.45,98,None (Safe),None,normal
2025-12-05T19:44:42.800158,0.1027,0.2041,0.1486,46.91,-0.41,98,None (Safe),None,normal
2025-12-05T19:46:12.800158,0.182,0.1188,0.1884,36.13,-0.38,96,None (Safe),None,normal
2025-12-05T19:47:42.800158,0.1163,0.0196,0.1372,12.51,0.21,100,None (Safe),None,normal
2025-12-05T19:49:12.800158,0.1612,0.1472,0.1072,72.13,0.5,97,None (Safe),None,normal
2025-12-05T19:50:42.800158,0.2003,0.1794,0.1623,10.67,0.15,99,None (Safe),None,normal
2025-12-05T19:52:12.800158,0.1596,0.057,0.1667,88.67,-0.05,97,None (Safe),None,normal
2025-12-05T19:53:42.800158,0.7553,0.7176,0.6275,901.53,4.66,58,45-60 days,Early-stage Rebar Corrosion,critical
2025-12-05T19:55:12.800158,0.1246,0.0583,0.1686,36.16,-0.18,95,None (Safe),None,normal
2025-12-05T19:56:42.800158,0.135,0.1373,0.0401,32.23,-0.16,96,None (Safe),None,normal
2025-12-05T19:58:12.800158,0.0101,0.1351,0.1147,85.58,0.31,100,None (Safe),None,normal
2025-12-05T19:59:42.800158,0.0747,0.124,0.1421,69.24,-0.25,96,None (Safe),None,normal
2025-12-05T20:01:12.800158,0.3511,0.4218,0.6472,674.51,4.22,50,45-60 days,Early-stage Rebar Corrosion,critical
2025-12-05T20:02:42.800158,0.0678,0.0808,0.1439,28.5,0.1,99,None (Safe),None,normal
2025-12-05T20:04:12.800158,0.2352,0.2094,0.0936,51.52,-0.18,98,None (Safe),None,normal
2025-12-05T20:05:42.800158,0.0741,0.1371,0.0264,61.89,-0.2,95,None (Safe),None,normal
2025-12-05T20:07:12.800158,0.0315,0.2276,0.1344,66.01,-0.29,99,None (Safe),None,normal
2025-12-05T20:08:42.800158,0.0642,0.0747,0.0824,48.72,-0.27,98,None (Safe),None,normal
2025-12-05T20:10:12.800158,0.2309,0.1693,0.157,91.51,0.15,98,None (Safe),None,normal
2025-12-05T20:11:42.800158,0.1749,0.0226,0.0743,56.52,0.22,96,None (Safe),None,normal
2025-12-05T20:13:12.800158,0.4646,0.6692,0.4116,938.66,2.33,58,45-60 days,Early-stage Rebar Corrosion,critical
2025-12-05T20:14:42.800158,0.0478,0.1808,0.0414,83.88,0.4,97,None (Safe),None,normal
2025-12-05T20:16:12.800158,0.0539,0.0425,0.0839,16.38,0.18,97,None (Safe),None,normal
2025-12-05T20:17:42.800158,0.0097,0.1127,0.1633,62.11,0.18,95,None (Safe),None,normal
2025-12-05T20:19:12.800158,0.1461,0.0531,0.1647,76.08,-0.15,100,None (Safe),None,normal
2025-12-05T20:20:42.800158,0.0752,0.0927,0.0379,98.32,-0.49,99,None (Safe),None,normal
2025-12-05T20:22:12.800158,0.0788,0.0874,0.074,35.25,-0.41,96,None (Safe),None,normal
2025-12-05T20:23:42.800158,0.1565,0.0692,0.0843,39.41,0.22,99,None (Safe),None,normal
2025-12-05T20:25:12.800158,0.2475,0.1484,0.2398,24.8,-0.49,99,None (Safe),None,normal
2025-12-05T20:26:42.800158,0.2115,0.1796,0.1002,18.35,0.16,97,None (Safe),None,normal
2025-12-05T20:28:12.800158,0.2367,0.1794,0.2266,68.99,0.33,95,None (Safe),None,normal
2025-12-05T20:29:42.800158,0.1728,0.1941,0.1343,19.15,0.2,97,None (Safe),None,normal
2025-12-05T20:31:12.800158,0.1442,0.1106,0.1509,83.81,0.39,98,None (Safe),None,normal
2025-12-05T20:32:42.800158,0.2078,0.1487,0.0143,80.27,0.46,100,None (Safe),None,normal
2025-12-05T20:34:12.800158,0.116,0.008,0.1576,99.89,-0.42,98,None (Safe),None,normal
2025-12-05T20:35:42.800158,0.1722,0.0448,0.1725,45.43,-0.2,98,None (Safe),None,normal
2025-12-05T20:37:12.800158,0.0958,0.1238,0.1722,37.43,0.08,99,None (Safe),None,normal
2025-12-05T20:38:42.800158,0.1336,0.1984,0.1556,28.99,-0.04,100,None (Safe),None,normal
2025-12-05T20:40:12.800158,0.067,0.0066,0.1941,41.42,-0.34,97,None (Safe),None,normal
2025-12-05T20:41:42.800158,0.06,0.0145,0.1015,35.97,-0.45,95,None (Safe),None,normal
2025-12-05T20:43:12.800158,0.1242,0.0924,0.1147,95.77,0.27,100,None (Safe),None,normal
2025-12-05T20:44:42.800158,0.1354,0.2329,0.2374,18.32,0.48,100,None (Safe),None,normal
2025-12-05T20:46:12.800158,0.1195,0.0952,0.1102,89.96,0.09,97,None (Safe),None,normal
2025-12-05T20:47:42.800158,0.2041,0.0129,0.2089,58.44,0.33,95,None (Safe),None,normal
2025-12-05T20:49:12.800158,0.0107,0.2197,0.0899,26.83,0.03,95,None (Safe),None,normal
2025-12-05T20:50:42.800158,0.0982,0.1293,0.1275,92.71,-0.03,99,None (Safe),None,normal
2025-12-05T20:52:12.800158,0.2436,0.0315,0.2177,36.51,-0.1,98,None (Safe),None,normal
2025-12-05T20:53:42.800158,0.0143,0.0072,0.1585,11.82,0.21,97,None (Safe),None,normal
2025-12-05T20:55:12.800158,0.0533,0.1863,0.1073,67.92,0.18,96,None (Safe),None,normal
2025-12-05T20:56:42.800158,0.2417,0.15,0.2236,79.84,-0.4,95,None (Safe),None,normal
2025-12-05T20:58:12.800158,0.164,0.107,0.2368,92.58,0.36,98,None (Safe),None,normal
2025-12-05T20:59:42.800158,0.1515,0.1283,0.1067,82.32,-0.43,98,None (Safe),None,normal
2025-12-05T21:01:12.800158,0.7908,0.5131,0.717,936.57,4.01,57,45-60 days,Early-stage Rebar Corrosion,critical
2025-12-05T21:02:42.800158,0.1858,0.0328,0.0509,85.62,0.04,96,None (Safe),None,normal
2025-12-05T21:04:12.800158,0.1866,0.1417,0.1708,32.21,0.07,100,None (Safe),None,normal
2025-12-05T21:05:42.800158,0.1708,0.2163,0.0088,83.53,0.46,100,None (Safe),None,normal
2025-12-05T21:07:12.800158,0.1108,0.0398,0.0261,55.18,-0.29,95,None (Safe),None,normal
2025-12-05T21:08:42.800158,0.0017,0.0537,0.1868,19.53,-0.16,100,None (Safe),None,normal
2025-12-05T21:10:12.800158,0.1516,0.0798,0.2143,97.39,-0.27,97,None (Safe),None,normal
2025-12-05T21:11:42.800158,0.1265,0.2346,0.0241,26.15,-0.33,97,None (Safe),None,normal
2025-12-05T21:13:12.800158,0.1151,0.1733,0.0615,97.71,0.44,96,None (Safe),None,normal
2025-12-05T21:14:42.800158,0.1563,0.2409,0.1696,83.2,0.49,95,None (Safe),None,normal
2025-12-05T21:16:12.800158,0.5181,0.7788,0.7728,868.96,3.94,59,45-60 days,Early-stage Rebar Corrosion,critical
2025-12-05T21:17:42.800158,0.0645,0.0491,0.1565,43.21,-0.01,97,None (Safe),None,normal
2025-12-05T21:19:12.800158,0.0112,0.1316,0.0435,11.59,-0.15,99,None (Safe),None,normal
2025-12-05T21:20:42.800158,0.1077,0.2208,0.0316,65.7,0.01,96,None (Safe),None,normal
2025-12-05T21:22:12.800158,0.2304,0.1153,0.23,50.36,-0.39,98,None (Safe),None,normal
2025-12-05T21:23:42.800158,0.0189,0.2071,0.2024,18.41,-0.25,96,None (Safe),None,normal
2025-12-05T21:25:12.800158,0.0462,0.2067,0.1139,66.77,-0.04,98,None (Safe),None,normal
2025-12-05T21:26:42.800158,0.214,0.036,0.083,60.51,0.22,98,None (Safe),None,normal
2025-12-05T21:28:12.800158,0.0677,0.158,0.0572,80.01,0.05,96,None (Safe),None,normal
2025-12-05T21:29:42.800158,0.026,0.1333,0.1186,25.73,-0.38,100,None (Safe),None,normal
2025-12-05T21:31:12.800158,0.0409,0.0839,0.1839,45.06,0.43,97,None (Safe),None,normal
2025-12-05T21:32:42.800158,0.0285,0.2178,0.1489,26.94,-0.16,98,None (Safe),None,normal
2025-12-05T21:34:12.800158,0.129,0.2471,0.1063,41.8,0.06,95,None (Safe),None,normal
2025-12-05T21:35:42.800158,0.0795,0.0012,0.0562,24.68,0.39,100,None (Safe),None,normal
2025-12-05T21:37:12.800158,0.1854,0.0295,0.246,54.83,-0.07,98,None (Safe),None,normal
2025-12-05T21:38:42.800158,0.062,0.2011,0.2226,90.11,-0.21,97,None (Safe),None,normal
2025-12-05T21:40:12.800158,0.1832,0.0201,0.0525,34.83,0.31,100,None (Safe),None,normal
2025-12-05T21:41:42.800158,0.0658,0.2137,0.1935,24.3,0.26,98,None (Safe),None,normal
2025-12-05T21:43:12.800158,0.189,0.0491,0.2187,10.69,-0.4,95,None (Safe),None,normal
2025-12-05T21:44:42.800158,0.0505,0.1467,0.1283,53.74,-0.42,99,None (Safe),None,normal
2025-12-05T21:46:12.800158,0.1557,0.2269,0.0175,77.55,-0.31,98,None (Safe),None,normal
2025-12-05T21:47:42.800158,0.2233,0.1814,0.1818,81.09,-0.24,100,None (Safe),None,normal
2025-12-05T21:49:12.800158,0.1575,0.1935,0.1357,52.96,0.46,97,None (Safe),None,normal
2025-12-05T21:50:42.800158,0.2269,0.1129,0.1001,55.96,-0.05,95,None (Safe),None,normal
2025-12-05T21:52:12.800158,0.1076,0.0786,0.0478,68.84,-0.2,95,None (Safe),None,normal
2025-12-05T21:53:42.800158,0.0879,0.0259,0.2032,47.46,-0.14,99,None (Safe),None,normal
2025-12-05T21:55:12.800158,0.4077,0.6451,0.5197,956.94,3.56,57,45-60 days,Early-stage Rebar Corrosion,critical
2025-12-05T21:56:42.800158,0.1028,0.091,0.0894,64.41,-0.34,99,None (Safe),None,normal
2025-12-05T21:58:12.800158,0.0387,0.0792,0.2002,50.84,-0.03,98,None (Safe),None,normal
2025-12-05T21:59:42.800158,0.047,0.2134,0.2165,53.44,-0.3,97,None (Safe),None,normal
2025-12-05T22:01:12.800158,0.2085,0.1737,0.0196,21.1,0.25,100,None (Safe),None,normal
2025-12-05T22:02:42.800158,0.1069,0.2474,0.1282,10.28,0.32,97,None (Safe),None,normal
2025-12-05T22:04:12.800158,0.0534,0.1098,0.1126,32.47,0.34,98,None (Safe),None,normal
2025-12-05T22:05:42.800158,0.2452,0.1604,0.1443,47.55,0.12,96,None (Safe),None,normal
2025-12-05T22:07:12.800158,0.1814,0.0097,0.2422,51.81,0.43,99,None (Safe),None,normal
2025-12-05T22:08:42.800158,0.1792,0.1287,0.0852,69.91,0.14,97,None (Safe),None,normal
2025-12-05T22:10:12.800158,0.1273,0.0269,0.1558,61.39,0.33,99,None (Safe),None,normal
2025-12-05T22:11:42.800158,0.1842,0.153,0.0239,43.55,0.32,97,None (Safe),None,normal
2025-12-05T22:13:12.800158,0.236,0.1146,0.1472,72.15,-0.35,95,None (Safe),None,normal
2025-12-05T22:14:42.800158,0.1251,0.0988,0.0357,72.57,-0.5,98,None (Safe),None,normal
2025-12-05T22:16:12.800158,0.0914,0.1466,0.0896,25.0,0.14,98,None (Safe),None,normal
2025-12-05T22:17:42.800158,0.1212,0.0573,0.1134,95.07,-0.34,99,None (Safe),None,normal
2025-12-05T22:19:12.800158,0.1531,0.0458,0.0308,39.94,-0.07,96,None (Safe),None,normal
2025-12-05T22:20:42.800158,0.0414,0.0547,0.1924,48.24,-0.44,96,None (Safe),None,normal
2025-12-05T22:22:12.800158,0.0025,0.1421,0.1703,58.43,-0.27,97,None (Safe),None,normal
2025-12-05T22:23:42.800158,0.2125,0.156,0.0656,69.41,0.26,95,None (Safe),None,normal
2025-12-05T22:25:12.800158,0.1384,0.0192,0.181,23.15,0.05,97,None (Safe),None,normal
2025-12-05T22:26:42.800158,0.0636,0.1602,0.1821,98.7,-0.25,100,None (Safe),None,normal
2025-12-05T22:28:12.800158,0.0812,0.1743,0.1345,55.42,0.22,98,None (Safe),None,normal
2025-12-05T22:29:42.800158,0.091,0.2239,0.1565,87.75,0.21,98,None (Safe),None,normal
2025-12-05T22:31:12.800158,0.161,0.2417,0.0093,47.5,-0.3,95,None (Safe),None,normal
2025-12-05T22:32:42.800158,0.1463,0.2402,0.0958,40.43,0.4,98,None (Safe),None,normal
2025-12-05T22:34:12.800158,0.0093,0.1916,0.2379,82.27,0.07,98,None (Safe),None,normal
2025-12-05T22:35:42.800158,0.3207,0.4605,0.703,591.1,4.35,63,45-60 days,Early-stage Rebar Corrosion,critical
2025-12-05T22:37:12.800158,0.2203,0.2086,0.0633,75.5,0.01,99,None (Safe),None,normal
2025-12-05T22:38:42.800158,0.6782,0.4555,0.5647,648.02,3.13,49,45-60 days,Early-stage Rebar Corrosion,critical
2025-12-05T22:40:12.800158,0.0686,0.231,0.2467,84.56,-0.02,100,None (Safe),None,normal
2025-12-05T22:41:42.800158,0.0937,0.0742,0.0282,55.5,0.36,97,None (Safe),None,normal
2025-12-05T22:43:12.800158,0.1874,0.1358,0.0061,46.15,-0.27,97,None (Safe),None,normal
2025-12-05T22:44:42.800158,0.1667,0.2244,0.1283,22.42,-0.01,97,None (Safe),None,normal
2025-12-05T22:46:12.800158,0.2244,0.1928,0.2111,17.58,-0.47,97,None (Safe),None,normal
2025-12-05T22:47:42.800158,0.0463,0.0405,0.1282,95.29,-0.19,99,None (Safe),None,normal
2025-12-05T22:49:12.800158,0.0524,0.2067,0.0131,92.59,-0.11,98,None (Safe),None,normal
2025-12-05T22:50:42.800158,0.1235,0.1598,0.0769,30.75,-0.17,95,None (Safe),None,normal
2025-12-05T22:52:12.800158,0.4816,0.6133,0.4874,985.98,2.29,61,45-60 days,Early-stage Rebar Corrosion,critical
2025-12-05T22:53:42.800158,0.1122,0.028,0.0787,12.74,-0.08,98,None (Safe),None,normal
2025-12-05T22:55:12.800158,0.0587,0.1505,0.1867,67.88,0.32,99,None (Safe),None,normal
2025-12-05T22:56:42.800158,0.0771,0.1799,0.1133,93.07,0.47,95,None (Safe),None,normal
2025-12-05T22:58:12.800158,0.2376,0.0546,0.1839,32.42,-0.4,95,None (Safe),None,normal
2025-12-05T22:59:42.800158,0.1073,0.2092,0.1563,54.41,0.17,100,None (Safe),None,normal
2025-12-05T23:01:12.800158,0.0024,0.0787,0.015,73.11,0.03,97,None (Safe),None,normal
2025-12-05T23:02:42.800158,0.5485,0.7192,0.3815,926.82,4.83,56,45-60 days,Early-stage Rebar Corrosion,critical
2025-12-05T23:04:12.800158,0.1246,0.2134,0.147,19.97,-0.45,99,None (Safe),None,normal
2025-12-05T23:05:42.800158,0.0952,0.1289,0.0735,39.64,-0.47,97,None (Safe),None,normal
2025-12-05T23:07:12.800158,0.1931,0.2359,0.1603,46.6,0.24,99,None (Safe),None,normal
2025-12-05T23:08:42.800158,0.518,0.7447,0.505,549.69,2.15,62,45-60 days,Early-stage Rebar Corrosion,critical
2025-12-05T23:10:12.800158,0.1692,0.1559,0.2268,33.63,-0.12,100,None (Safe),None,normal
2025-12-05T23:11:42.800158,0.0488,0.2152,0.0992,75.87,0.14,95,None (Safe),None,normal
2025-12-05T23:13:12.800158,0.2236,0.209,0.1971,58.37,-0.22,97,None (Safe),None,normal
2025-12-05T23:14:42.800158,0.0697,0.1378,0.0647,64.53,-0.47,96,None (Safe),None,normal
2025-12-05T23:16:12.800158,0.042,0.2068,0.2464,39.98,-0.41,95,None (Safe),None,normal
2025-12-05T23:17:42.800158,0.0201,0.1344,0.0086,40.85,-0.02,100,None (Safe),None,normal
2025-12-05T23:19:12.800158,0.1455,0.0294,0.2078,55.13,-0.03,98,None (Safe),None,normal
2025-12-05T23:20:42.800158,0.1984,0.0298,0.0578,47.27,0.02,100,None (Safe),None,normal
2025-12-05T23:22:12.800158,0.1381,0.2151,0.1967,24.42,-0.09,96,None (Safe),None,normal
2025-12-05T23:23:42.800158,0.0261,0.0915,0.0893,35.61,0.06,96,None (Safe),None,normal
2025-12-05T23:25:12.800158,0.3881,0.4024,0.5449,549.08,2.66,46,45-60 days,Early-stage Rebar Corrosion,critical
2025-12-05T23:26:42.800158,0.1421,0.1394,0.0339,34.09,0.14,97,None (Safe),None,normal
2025-12-05T23:28:12.800158,0.1493,0.0831,0.0429,96.31,0.3,100,None (Safe),None,normal
2025-12-05T23:29:42.800158,0.0983,0.2331,0.0686,99.11,-0.19,95,None (Safe),None,normal
2025-12-05T23:31:12.800158,0.1654,0.0547,0.1285,85.03,-0.47,95,None (Safe),None,normal
2025-12-05T23:32:42.800158,0.15,0.0354,0.1199,79.51,0.16,95,None (Safe),None,normal
2025-12-05T23:34:12.800158,0.2111,0.1523,0.0747,92.9,0.39,95,None (Safe),None,normal
2025-12-05T23:35:42.800158,0.0543,0.1255,0.0272,56.02,0.25,97,None (Safe),None,normal
2025-12-05T23:37:12.800158,0.0791,0.1102,0.1777,96.94,0.34,99,None (Safe),None,normal
2025-12-05T23:38:42.800158,0.0323,0.2398,0.2187,92.86,0.11,95,None (Safe),None,normal
2025-12-05T23:40:12.800158,0.1774,0.1185,0.2419,11.47,0.23,96,None (Safe),None,normal
2025-12-05T23:41:42.800158,0.1243,0.0275,0.0987,66.25,-0.01,99,None (Safe),None,normal
2025-12-05T23:43:12.800158,0.1379,0.0646,0.0296,48.71,0.42,99,None (Safe),None,normal
2025-12-05T23:44:42.800158,0.1838,0.0185,0.1451,91.18,0.1,98,None (Safe),None,normal
2025-12-05T23:46:12.800158,0.1922,0.0768,0.1148,81.6,0.11,95,None (Safe),None,normal
2025-12-05T23:47:42.800158,0.2034,0.1299,0.069,49.55,0.13,96,None (Safe),None,normal
2025-12-05T23:49:12.800158,0.0693,0.0591,0.0992,64.76,-0.37,98,None (Safe),None,normal
2025-12-05T23:50:42.800158,0.2137,0.2238,0.2308,50.7,0.02,99,None (Safe),None,normal
2025-12-05T23:52:12.800158,0.2349,0.0202,0.0916,14.92,-0.24,99,None (Safe),None,normal
2025-12-05T23:53:42.800158,0.2355,0.1167,0.1854,30.44,-0.06,99,None (Safe),None,normal
2025-12-05T23:55:12.800158,0.0685,0.014,0.1133,54.92,0.4,96,None (Safe),None,normal
2025-12-05T23:56:42.800158,0.2058,0.1296,0.0185,72.16,0.02,95,None (Safe),None,normal
2025-12-05T23:58:12.800158,0.1664,0.1211,0.246,57.81,-0.03,99,None (Safe),None,normal
2025-12-05T23:59:42.800158,0.0277,0.0389,0.1878,68.53,0.42,95,None (Safe),None,normal
2025-12-06T00:01:12.800158,0.126,0.0335,0.1313,19.5,-0.41,97,None (Safe),None,normal
2025-12-06T00:02:42.800158,0.1943,0.1419,0.1171,61.53,0.48,95,None (Safe),None,normal
2025-12-06T00:04:12.800158,0.1286,0.1601,0.1491,32.69,-0.39,99,None (Safe),None,normal
2025-12-06T00:05:42.800158,0.1182,0.0747,0.2302,69.77,0.01,98,None (Safe),None,normal
2025-12-06T00:07:12.800158,0.2408,0.0898,0.1067,73.03,0.43,95,None (Safe),None,normal
2025-12-06T00:08:42.800158,0.1261,0.0522,0.1797,52.53,0.49,98,None (Safe),None,normal
2025-12-06T00:10:12.800158,0.0596,0.1478,0.1212,65.76,0.0,97,None (Safe),None,normal
2025-12-06T00:11:42.800158,0.2414,0.0248,0.1335,26.67,0.11,97,None (Safe),None,normal
2025-12-06T00:13:12.800158,0.004,0.0191,0.1783,36.78,-0.09,100,None (Safe),None,normal
2025-12-06T00:14:42.800158,0.0408,0.1845,0.0101,76.74,-0.33,95,None (Safe),None,normal
2025-12-06T00:16:12.800158,0.2054,0.1672,0.0214,25.61,-0.08,98,None (Safe),None,normal
2025-12-06T00:17:42.800158,0.1883,0.2048,0.0796,51.04,0.41,98,None (Safe),None,normal
2025-12-06T00:19:12.800158,0.1915,0.0025,0.0863,97.9,0.06,95,None (Safe),None,normal
2025-12-06T00:20:42.800158,0.2203,0.0772,0.0142,39.27,-0.32,98,None (Safe),None,normal
2025-12-06T00:22:12.800158,0.119,0.1318,0.0659,64.71,0.41,95,None (Safe),None,normal
2025-12-06T00:23:42.800158,0.4272,0.6516,0.3589,543.42,3.37,60,45-60 days,Early-stage Rebar Corrosion,critical
2025-12-06T00:25:12.800158,0.0395,0.2294,0.2336,39.23,-0.17,97,None (Safe),None,normal
2025-12-06T00:26:42.800158,0.1743,0.1887,0.0938,34.65,0.28,98,None (Safe),None,normal
2025-12-06T00:28:12.800158,0.1789,0.0046,0.2416,46.25,-0.13,95,None (Safe),None,normal
2025-12-06T00:29:42.800158,0.2458,0.1671,0.1678,82.58,-0.02,100,None (Safe),None,normal
2025-12-06T00:31:12.800158,0.0397,0.0979,0.0101,47.84,0.47,95,None (Safe),None,normal
2025-12-06T00:32:42.800158,0.2071,0.186,0.0424,23.17,-0.07,99,None (Safe),None,normal
2025-12-06T00:34:12.800158,0.3946,0.7245,0.7197,923.63,4.79,60,45-60 days,Early-stage Rebar Corrosion,critical
2025-12-06T00:35:42.800158,0.2132,0.1812,0.1114,24.87,-0.12,97,None (Safe),None,normal
2025-12-06T00:37:12.800158,0.3556,0.7702,0.5195,500.49,4.7,51,45-60 days,Early-stage Rebar Corrosion,critical
2025-12-06T00:38:42.800158,0.785,0.4249,0.3402,764.99,3.05,61,45-60 days,Early-stage Rebar Corrosion,critical
2025-12-06T00:40:12.800158,0.0059,0.1261,0.0501,95.97,-0.07,95,None (Safe),None,normal
2025-12-06T00:41:42.800158,0.0081,0.1604,0.2253,95.48,-0.19,96,None (Safe),None,normal
2025-12-06T00:43:12.800158,0.4033,0.4169,0.7886,963.76,3.15,59,45-60 days,Early-stage Rebar Corrosion,critical
2025-12-06T00:44:42.800158,0.0676,0.0889,0.0466,46.14,0.44,96,None (Safe),None,normal
2025-12-06T00:46:12.800158,0.1651,0.0032,0.2496,66.7,0.34,98,None (Safe),None,normal
2025-12-06T00:47:42.800158,0.1315,0.0034,0.056,82.57,-0.25,96,None (Safe),None,normal
2025-12-06T00:49:12.800158,0.5748,0.5963,0.7035,570.6,3.79,45,45-60 days,Early-stage Rebar Corrosion,critical
2025-12-06T00:50:42.800158,0.0385,0.1127,0.0251,89.35,0.39,98,None (Safe),None,normal
2025-12-06T00:52:12.800158,0.2019,0.0828,0.0894,35.63,0.06,95,None (Safe),None,normal
2025-12-06T00:53:42.800158,0.2159,0.2372,0.0195,63.78,-0.03,95,None (Safe),None,normal
2025-12-06T00:55:12.800158,0.1816,0.091,0.0402,16.68,-0.39,96,None (Safe),None,normal
2025-12-06T00:56:42.800158,0.1161,0.037,0.0299,26.66,-0.07,97,None (Safe),None,normal
2025-12-06T00:58:12.800158,0.0496,0.1541,0.2311,98.32,0.37,96,None (Safe),None,normal
2025-12-06T00:59:42.800158,0.2001,0.2289,0.2198,93.07,-0.49,98,None (Safe),None,normal
2025-12-06T01:01:12.800158,0.083,0.0701,0.2398,81.14,0.49,97,None (Safe),None,normal
2025-12-06T01:02:42.800158,0.0059,0.1448,0.0555,70.95,0.37,97,None (Safe),None,normal
2025-12-06T01:04:12.800158,0.1273,0.0872,0.0735,24.14,0.24,98,None (Safe),None,normal
2025-12-06T01:05:42.800158,0.0882,0.0626,0.2087,41.58,0.46,96,None (Safe),None,normal
2025-12-06T01:07:12.800158,0.2201,0.0203,0.2377,45.17,0.05,98,None (Safe),None,normal
2025-12-06T01:08:42.800158,0.1874,0.0157,0.0699,50.21,0.11,100,None (Safe),None,normal
2025-12-06T01:10:12.800158,0.1208,0.2132,0.1772,68.63,-0.01,98,None (Safe),None,normal
2025-12-06T01:11:42.800158,0.106,0.0261,0.0487,66.38,0.12,99,None (Safe),None,normal
2025-12-06T01:13:12.800158,0.1041,0.1912,0.1668,24.24,0.23,96,None (Safe),None,normal
2025-12-06T01:14:42.800158,0.1313,0.2152,0.1752,79.03,-0.04,98,None (Safe),None,normal
2025-12-06T01:16:12.800158,0.0594,0.0261,0.1548,57.25,0.39,95,None (Safe),None,normal
2025-12-06T01:17:42.800158,0.1568,0.1988,0.0212,29.69,0.09,99,None (Safe),None,normal
2025-12-06T01:19:12.800158,0.1793,0.1994,0.0034,19.25,0.37,100,None (Safe),None,normal
2025-12-06T01:20:42.800158,0.2383,0.0493,0.2162,93.22,-0.38,95,None (Safe),None,normal
2025-12-06T01:22:12.800158,0.0281,0.2301,0.0896,12.31,-0.02,96,None (Safe),None,normal
2025-12-06T01:23:42.800158,0.0705,0.096,0.0201,17.72,0.06,97,None (Safe),None,normal
2025-12-06T01:25:12.800158,0.2315,0.2498,0.0963,30.06,0.03,97,None (Safe),None,normal
2025-12-06T01:26:42.800158,0.0043,0.1438,0.1268,21.01,-0.11,97,None (Safe),None,normal
2025-12-06T01:28:12.800158,0.0954,0.0723,0.1165,95.46,0.22,96,None (Safe),None,normal
2025-12-06T01:29:42.800158,0.0891,0.2257,0.1956,63.49,0.18,98,None (Safe),None,normal
2025-12-06T01:31:12.800158,0.0339,0.1034,0.1028,50.88,0.33,98,None (Safe),None,normal
2025-12-06T01:32:42.800158,0.216,0.1875,0.1482,77.99,-0.27,97,None (Safe),None,normal
2025-12-06T01:34:12.800158,0.0477,0.1435,0.078,15.01,-0.15,99,None (Safe),None,normal
2025-12-06T01:35:42.800158,0.0495,0.2388,0.0465,46.63,-0.08,98,None (Safe),None,normal
2025-12-06T01:37:12.800158,0.0258,0.1937,0.0383,80.37,-0.08,99,None (Safe),None,normal
2025-12-06T01:38:42.800158,0.218,0.0257,0.1385,20.8,-0.4,99,None (Safe),None,normal
2025-12-06T01:40:12.800158,0.152,0.0438,0.1089,12.14,-0.45,95,None (Safe),None,normal
2025-12-06T01:41:42.800158,0.5685,0.4417,0.6822,727.12,4.46,46,45-60 days,Early-stage Rebar Corrosion,critical
2025-12-06T01:43:12.800158,0.1981,0.0593,0.1493,24.24,0.22,100,None (Safe),None,normal
2025-12-06T01:44:42.800158,0.2423,0.0372,0.0657,76.05,0.12,97,None (Safe),None,normal
2025-12-06T01:46:12.800158,0.0129,0.0736,0.1773,91.08,-0.35,98,None (Safe),None,normal
2025-12-06T01:47:42.800158,0.2389,0.0793,0.0165,35.79,-0.05,96,None (Safe),None,normal
2025-12-06T01:49:12.800158,0.144,0.083,0.1141,42.3,-0.13,96,None (Safe),None,normal
2025-12-06T01:50:42.800158,0.1878,0.0108,0.1999,53.53,-0.1,95,None (Safe),None,normal
2025-12-06T01:52:12.800158,0.1076,0.0504,0.1245,88.08,0.35,97,None (Safe),None,normal
2025-12-06T01:53:42.800158,0.147,0.1325,0.226,30.36,-0.23,95,None (Safe),None,normal
2025-12-06T01:55:12.800158,0.1438,0.152,0.2438,96.37,0.12,97,None (Safe),None,normal
2025-12-06T01:56:42.800158,0.2373,0.0807,0.1228,67.88,-0.43,96,None (Safe),None,normal
2025-12-06T01:58:12.800158,0.1751,0.0076,0.1225,91.55,-0.16,98,None (Safe),None,normal
2025-12-06T01:59:42.800158,0.1777,0.1692,0.2384,23.57,0.31,96,None (Safe),None,normal
2025-12-06T02:01:12.800158,0.1848,0.1311,0.2331,97.57,0.19,100,None (Safe),None,normal
2025-12-06T02:02:42.800158,0.1875,0.062,0.1761,20.25,-0.15,100,None (Safe),None,normal
2025-12-06T02:04:12.800158,0.0341,0.0298,0.0376,51.07,0.14,98,None (Safe),None,normal
2025-12-06T02:05:42.800158,0.2234,0.1651,0.179,25.49,-0.25,100,None (Safe),None,normal
2025-12-06T02:07:12.800158,0.0217,0.1925,0.0365,44.71,-0.42,96,None (Safe),None,normal
2025-12-06T02:08:42.800158,0.1669,0.0199,0.1535,58.69,-0.33,97,None (Safe),None,normal
2025-12-06T02:10:12.800158,0.1304,0.0461,0.0473,58.26,0.21,100,None (Safe),None,normal
2025-12-06T02:11:42.800158,0.0123,0.0506,0.1459,57.67,0.12,98,None (Safe),None,normal
2025-12-06T02:13:12.800158,0.243,0.0706,0.0436,42.36,-0.12,96,None (Safe),None,normal
2025-12-06T02:14:42.800158,0.0017,0.0705,0.065,21.22,0.12,98,None (Safe),None,normal
2025-12-06T02:16:12.800158,0.0889,0.2243,0.1728,31.84,0.3,98,None (Safe),None,normal
2025-12-06T02:17:42.800158,0.046,0.005,0.0543,80.01,-0.01,97,None (Safe),None,normal
2025-12-06T02:19:12.800158,0.1351,0.0442,0.2274,95.24,-0.42,98,None (Safe),None,normal
2025-12-06T02:20:42.800158,0.2298,0.1931,0.1179,84.28,0.28,96,None (Safe),None,normal
2025-12-06T02:22:12.800158,0.193,0.0458,0.1666,90.74,-0.09,100,None (Safe),None,normal
2025-12-06T02:23:42.800158,0.07,0.0097,0.052,56.54,0.27,96,None (Safe),None,normal
2025-12-06T02:25:12.800158,0.2123,0.1268,0.0178,93.64,-0.04,98,None (Safe),None,normal
2025-12-06T02:26:42.800158,0.1569,0.1741,0.0206,87.85,0.47,97,None (Safe),None,normal
2025-12-06T02:28:12.800158,0.1997,0.0485,0.0729,81.63,0.22,97,None (Safe),None,normal
2025-12-06T02:29:42.800158,0.345,0.6362,0.7224,902.91,3.34,65,45-60 days,Early-stage Rebar Corrosion,critical
2025-12-06T02:31:12.800158,0.059,0.1432,0.243,31.28,0.13,97,None (Safe),None,normal
2025-12-06T02:32:42.800158,0.1887,0.082,0.068,75.38,0.31,100,None (Safe),None,normal
2025-12-06T02:34:12.800158,0.2077,0.0354,0.13,11.81,0.03,98,None (Safe),None,normal
2025-12-06T02:35:42.800158,0.1599,0.0656,0.027,61.55,0.43,95,None (Safe),None,normal
2025-12-06T02:37:12.800158,0.0956,0.2022,0.2295,95.62,0.24,95,None (Safe),None,normal
2025-12-06T02:38:42.800158,0.0087,0.2363,0.1803,55.15,0.11,95,None (Safe),None,normal
2025-12-06T02:40:12.800158,0.0134,0.1302,0.1833,40.98,-0.07,97,None (Safe),None,normal
2025-12-06T02:41:42.800158,0.1354,0.0026,0.0484,54.36,0.12,96,None (Safe),None,normal
2025-12-06T02:43:12.800158,0.0699,0.1385,0.1294,82.33,-0.02,100,None (Safe),None,normal
2025-12-06T02:44:42.800158,0.1275,0.0319,0.181,53.18,-0.2,95,None (Safe),None,normal
2025-12-06T02:46:12.800158,0.0864,0.0336,0.1294,32.88,-0.25,95,None (Safe),None,normal
2025-12-06T02:47:42.800158,0.0868,0.1751,0.1694,53.9,-0.09,98,None (Safe),None,normal
2025-12-06T02:49:12.800158,0.142,0.0129,0.0757,14.9,-0.1,96,None (Safe),None,normal
2025-12-06T02:50:42.800158,0.2169,0.095,0.0222,33.62,0.01,97,None (Safe),None,normal
2025-12-06T02:52:12.800158,0.04,0.1761,0.0884,74.51,0.36,100,None (Safe),None,normal
2025-12-06T02:53:42.800158,0.0373,0.0465,0.1831,30.86,-0.36,100,None (Safe),None,normal
2025-12-06T02:55:12.800158,0.132,0.1913,0.2102,17.2,-0.32,97,None (Safe),None,normal
2025-12-06T02:56:42.800158,0.1936,0.0261,0.096,77.92,0.14,100,None (Safe),None,normal
2025-12-06T02:58:12.800158,0.1232,0.0359,0.0053,32.59,0.35,99,None (Safe),None,normal
2025-12-06T02:59:42.800158,0.008,0.068,0.0801,57.36,0.25,100,None (Safe),None,normal
2025-12-06T03:01:12.800158,0.0451,0.1094,0.095,67.03,0.22,100,None (Safe),None,normal
2025-12-06T03:02:42.800158,0.1574,0.2297,0.2203,98.8,-0.3,97,None (Safe),None,normal
2025-12-06T03:04:12.800158,0.1725,0.2345,0.1414,52.29,0.14,98,None (Safe),None,normal
2025-12-06T03:05:42.800158,0.1937,0.0235,0.0733,46.17,0.18,97,None (Safe),None,normal
2025-12-06T03:07:12.800158,0.1243,0.077,0.1853,30.96,-0.39,99,None (Safe),None,normal
2025-12-06T03:08:42.800158,0.0309,0.2477,0.1563,23.84,-0.25,98,None (Safe),None,normal
2025-12-06T03:10:12.800158,0.0918,0.0867,0.1072,81.3,0.33,95,None (Safe),None,normal
2025-12-06T03:11:42.800158,0.1939,0.1049,0.0169,71.23,-0.46,98,None (Safe),None,normal
2025-12-06T03:13:12.800158,0.1019,0.0638,0.1122,94.38,-0.01,95,None (Safe),None,normal
2025-12-06T03:14:42.800158,0.0632,0.1382,0.209,21.33,0.3,100,None (Safe),None,normal
2025-12-06T03:16:12.800158,0.1993,0.0688,0.0631,95.2,0.1,95,None (Safe),None,normal
2025-12-06T03:17:42.800158,0.0268,0.2365,0.1352,78.69,-0.13,97,None (Safe),None,normal
2025-12-06T03:19:12.800158,0.2094,0.069,0.0976,79.2,0.17,95,None (Safe),None,normal
2025-12-06T03:20:42.800158,0.093,0.2463,0.1494,23.55,-0.12,96,None (Safe),None,normal
2025-12-06T03:22:12.800158,0.1681,0.067,0.0191,95.29,0.02,98,None (Safe),None,normal
2025-12-06T03:23:42.800158,0.0415,0.0026,0.1879,88.08,0.25,100,None (Safe),None,normal
2025-12-06T03:25:12.800158,0.1726,0.2032,0.0222,27.39,0.14,95,None (Safe),None,normal
2025-12-06T03:26:42.800158,0.2222,0.0268,0.0496,27.67,0.37,95,None (Safe),None,normal
2025-12-06T03:28:12.800158,0.0028,0.1146,0.1984,80.42,-0.15,96,None (Safe),None,normal
2025-12-06T03:29:42.800158,0.126,0.1696,0.1573,68.17,0.17,96,None (Safe),None,normal
2025-12-06T03:31:12.800158,0.2023,0.0515,0.0979,77.11,0.05,100,None (Safe),None,normal
2025-12-06T03:32:42.800158,0.0252,0.1185,0.1628,32.38,-0.4,96,None (Safe),None,normal
2025-12-06T03:34:12.800158,0.14,0.2381,0.046,95.79,-0.37,96,None (Safe),None,normal
2025-12-06T03:35:42.800158,0.2175,0.2488,0.1532,50.04,0.02,100,None (Safe),None,normal
2025-12-06T03:37:12.800158,0.1231,0.0348,0.2211,26.65,0.27,99,None (Safe),None,normal
2025-12-06T03:38:42.800158,0.0464,0.0659,0.1903,77.91,0.45,95,None (Safe),None,normal
2025-12-06T03:40:12.800158,0.1022,0.1612,0.1194,62.48,-0.11,99,None (Safe),None,normal
2025-12-06T03:41:42.800158,0.2089,0.1388,0.2077,65.48,-0.33,98,None (Safe),None,normal
2025-12-06T03:43:12.800158,0.1616,0.049,0.1457,86.47,-0.04,98,None (Safe),None,normal
2025-12-06T03:44:42.800158,0.1157,0.1634,0.2087,20.28,-0.2,99,None (Safe),None,normal
2025-12-06T03:46:12.800158,0.5815,0.4921,0.5191,863.85,2.84,63,45-60 days,Early-stage Rebar Corrosion,critical
2025-12-06T03:47:42.800158,0.0983,0.1703,0.0758,33.02,-0.03,98,None (Safe),None,normal
2025-12-06T03:49:12.800158,0.0235,0.1546,0.1088,65.7,-0.39,99,None (Safe),None,normal
2025-12-06T03:50:42.800158,0.2193,0.2324,0.0144,41.96,0.1,96,None (Safe),None,normal
2025-12-06T03:52:12.800158,0.0812,0.031,0.0041,18.83,0.09,100,None (Safe),None,normal
2025-12-06T03:53:42.800158,0.2053,0.0769,0.0487,89.68,-0.31,100,None (Safe),None,normal
2025-12-06T03:55:12.800158,0.0187,0.0317,0.1,67.55,-0.39,97,None (Safe),None,normal
2025-12-06T03:56:42.800158,0.0239,0.2307,0.1615,41.93,-0.02,95,None (Safe),None,normal
2025-12-06T03:58:12.800158,0.0114,0.0649,0.0955,40.11,0.26,100,None (Safe),None,normal
2025-12-06T03:59:42.800158,0.2296,0.1225,0.0028,67.85,-0.26,99,None (Safe),None,normal
2025-12-06T04:01:12.800158,0.0275,0.0073,0.1093,39.46,0.07,100,None (Safe),None,normal
2025-12-06T04:02:42.800158,0.0173,0.1723,0.0596,94.29,-0.42,96,None (Safe),None,normal
2025-12-06T04:04:12.800158,0.0162,0.1119,0.1455,98.41,-0.2,96,None (Safe),None,normal
2025-12-06T04:05:42.800158,0.0908,0.095,0.2213,81.74,-0.28,100,None (Safe),None,normal
2025-12-06T04:07:12.800158,0.1382,0.0822,0.0089,81.56,0.06,100,None (Safe),None,normal
2025-12-06T04:08:42.800158,0.1923,0.0158,0.2052,67.51,-0.41,98,None (Safe),None,normal
2025-12-06T04:10:12.800158,0.129,0.1108,0.0941,82.59,-0.32,95,None (Safe),None,normal
2025-12-06T04:11:42.800158,0.3797,0.6412,0.6801,907.87,4.72,59,45-60 days,Early-stage Rebar Corrosion,critical
2025-12-06T04:13:12.800158,0.0176,0.0324,0.0763,12.41,-0.43,98,None (Safe),None,normal
2025-12-06T04:14:42.800158,0.1926,0.1852,0.0278,86.99,0.5,97,None (Safe),None,normal
2025-12-06T04:16:12.800158,0.0302,0.2252,0.0848,39.58,0.37,95,None (Safe),None,normal
2025-12-06T04:17:42.800158,0.0525,0.0378,0.0907,22.06,0.04,95,None (Safe),None,normal
2025-12-06T04:19:12.800158,0.0619,0.2453,0.0368,40.81,-0.08,100,None (Safe),None,normal
2025-12-06T04:20:42.800158,0.0971,0.016,0.2115,69.13,-0.48,100,None (Safe),None,normal
2025-12-06T04:22:12.800158,0.1321,0.1159,0.0991,19.82,0.18,96,None (Safe),None,normal
2025-12-06T04:23:42.800158,0.1391,0.2061,0.2141,14.21,-0.25,98,None (Safe),None,normal
2025-12-06T04:25:12.800158,0.1034,0.233,0.0481,96.93,-0.18,98,None (Safe),None,normal
2025-12-06T04:26:42.800158,0.2179,0.0137,0.2247,29.27,-0.41,95,None (Safe),None,normal
2025-12-06T04:28:12.800158,0.1608,0.2399,0.104,90.97,0.48,97,None (Safe),None,normal
2025-12-06T04:29:42.800158,0.2409,0.2172,0.1529,51.4,0.34,100,None (Safe),None,normal
2025-12-06T04:31:12.800158,0.2031,0.2098,0.0642,78.62,-0.0,96,None (Safe),None,normal
2025-12-06T04:32:42.800158,0.0502,0.239,0.1137,23.44,0.36,100,None (Safe),None,normal
2025-12-06T04:34:12.800158,0.1332,0.0352,0.2155,24.44,-0.46,95,None (Safe),None,normal
2025-12-06T04:35:42.800158,0.1389,0.1629,0.0822,58.54,-0.32,95,None (Safe),None,normal
2025-12-06T04:37:12.800158,0.2467,0.0361,0.2134,52.06,0.26,97,None (Safe),None,normal
2025-12-06T04:38:42.800158,0.1385,0.0434,0.1662,29.98,0.45,95,None (Safe),None,normal
2025-12-06T04:40:12.800158,0.0341,0.0276,0.03,75.08,-0.37,99,None (Safe),None,normal
2025-12-06T04:41:42.800158,0.0767,0.2138,0.2148,41.55,0.38,95,None (Safe),None,normal
2025-12-06T04:43:12.800158,0.0208,0.1578,0.1526,83.85,0.4,97,None (Safe),None,normal
2025-12-06T04:44:42.800158,0.0877,0.2094,0.0495,64.19,-0.4,97,None (Safe),None,normal
2025-12-06T04:46:12.800158,0.1492,0.2402,0.0025,13.96,-0.0,98,None (Safe),None,normal
2025-12-06T04:47:42.800158,0.1416,0.1617,0.1643,61.11,0.26,96,None (Safe),None,normal
2025-12-06T04:49:12.800158,0.1765,0.1367,0.1888,99.54,-0.19,98,None (Safe),None,normal
2025-12-06T04:50:42.800158,0.2273,0.044,0.0392,86.48,-0.42,96,None (Safe),None,normal
2025-12-06T04:52:12.800158,0.1515,0.0352,0.1992,91.15,-0.25,100,None (Safe),None,normal
2025-12-06T04:53:42.800158,0.1549,0.034,0.2388,49.26,-0.37,97,None (Safe),None,normal
2025-12-06T04:55:12.800158,0.1418,0.1729,0.0119,36.39,0.33,96,None (Safe),None,normal
2025-12-06T04:56:42.800158,0.048,0.108,0.0422,12.53,0.25,97,None (Safe),None,normal
2025-12-06T04:58:12.800158,0.1379,0.054,0.1544,58.36,0.26,100,None (Safe),None,normal
2025-12-06T04:59:42.800158,0.2136,0.2308,0.105,87.25,-0.28,99,None (Safe),None,normal
2025-12-06T05:01:12.800158,0.0488,0.0791,0.0223,14.9,0.28,95,None (Safe),None,normal
2025-12-06T05:02:42.800158,0.0959,0.2332,0.0157,12.84,0.21,100,None (Safe),None,normal
2025-12-06T05:04:12.800158,0.0313,0.0457,0.0707,76.31,0.42,96,None (Safe),None,normal
2025-12-06T05:05:42.800158,0.1549,0.2332,0.2407,30.8,-0.14,96,None (Safe),None,normal
2025-12-06T05:07:12.800158,0.1565,0.0389,0.0563,72.78,-0.31,100,None (Safe),None,normal
2025-12-06T05:08:42.800158,0.1833,0.1471,0.077,73.57,0.4,95,None (Safe),None,normal
2025-12-06T05:10:12.800158,0.1955,0.19,0.0892,53.96,0.47,97,None (Safe),None,normal
2025-12-06T05:11:42.800158,0.1145,0.1936,0.1945,15.56,0.17,100,None (Safe),None,normal
2025-12-06T05:13:12.800158,0.2335,0.1298,0.1552,43.52,0.18,100,None (Safe),None,normal
2025-12-06T05:14:42.800158,0.1262,0.1401,0.1005,96.84,0.27,98,None (Safe),None,normal
2025-12-06T05:16:12.800158,0.1457,0.0997,0.0499,93.76,-0.47,100,None (Safe),None,normal
2025-12-06T05:17:42.800158,0.0354,0.0888,0.0086,23.68,-0.36,96,None (Safe),None,normal
2025-12-06T05:19:12.800158,0.7448,0.4621,0.6921,636.64,3.33,57,45-60 days,Early-stage Rebar Corrosion,critical
2025-12-06T05:20:42.800158,0.0363,0.2346,0.2267,43.42,-0.08,97,None (Safe),None,normal
2025-12-06T05:22:12.800158,0.2176,0.0881,0.2272,90.39,0.29,99,None (Safe),None,normal
2025-12-06T05:23:42.800158,0.013,0.022,0.1145,56.3,0.34,99,None (Safe),None,normal
2025-12-06T05:25:12.800158,0.1505,0.1039,0.1425,20.33,-0.46,97,None (Safe),None,normal
2025-12-06T05:26:42.800158,0.1987,0.0738,0.2497,42.02,-0.21,97,None (Safe),None,normal
2025-12-06T05:28:12.800158,0.0273,0.1736,0.1475,29.04,-0.47,96,None (Safe),None,normal
2025-12-06T05:29:42.800158,0.1287,0.2251,0.0712,81.41,-0.25,99,None (Safe),None,normal
2025-12-06T05:31:12.800158,0.0168,0.0332,0.2145,20.72,0.34,97,None (Safe),None,normal
2025-12-06T05:32:42.800158,0.0708,0.2436,0.0613,19.96,-0.25,95,None (Safe),None,normal
2025-12-06T05:34:12.800158,0.0842,0.0787,0.1753,11.52,0.45,100,None (Safe),None,normal
2025-12-06T05:35:42.800158,0.0844,0.0111,0.0076,97.26,0.19,95,None (Safe),None,normal
2025-12-06T05:37:12.800158,0.0065,0.0231,0.219,67.97,-0.23,95,None (Safe),None,normal
2025-12-06T05:38:42.800158,0.1006,0.234,0.0855,94.92,-0.4,96,None (Safe),None,normal
2025-12-06T05:40:12.800158,0.1753,0.1764,0.013,30.85,0.11,97,None (Safe),None,normal
2025-12-06T05:41:42.800158,0.0175,0.0581,0.2376,20.18,0.47,98,None (Safe),None,normal
2025-12-06T05:43:12.800158,0.2041,0.0662,0.1428,70.6,0.47,96,None (Safe),None,normal
2025-12-06T05:44:42.800158,0.0475,0.1874,0.1084,64.35,0.05,97,None (Safe),None,normal
2025-12-06T05:46:12.800158,0.1948,0.122,0.229,46.62,-0.29,96,None (Safe),None,normal
2025-12-06T05:47:42.800158,0.1056,0.1709,0.0372,65.22,0.31,98,None (Safe),None,normal
2025-12-06T05:49:12.800158,0.004,0.0992,0.127,69.39,0.41,95,None (Safe),None,normal
2025-12-06T05:50:42.800158,0.1121,0.0745,0.0221,97.18,0.19,97,None (Safe),None,normal
2025-12-06T05:52:12.800158,0.1278,0.0382,0.1463,68.55,-0.31,96,None (Safe),None,normal
2025-12-06T05:53:42.800158,0.1445,0.2138,0.0389,15.15,-0.11,99,None (Safe),None,normal
2025-12-06T05:55:12.800158,0.0899,0.0658,0.2269,11.36,0.31,95,None (Safe),None,normal
2025-12-06T05:56:42.800158,0.0408,0.0337,0.0014,59.71,0.48,98,None (Safe),None,normal
2025-12-06T05:58:12.800158,0.0081,0.1811,0.0307,94.82,0.3,97,None (Safe),None,normal
2025-12-06T05:59:42.800158,0.1042,0.2151,0.2368,32.01,-0.5,98,None (Safe),None,normal
2025-12-06T06:01:12.800158,0.5642,0.7021,0.7313,995.26,3.68,56,45-60 days,Early-stage Rebar Corrosion,critical
2025-12-06T06:02:42.800158,0.1876,0.1684,0.1817,16.46,-0.05,95,None (Safe),None,normal
2025-12-06T06:04:12.800158,0.1766,0.1248,0.0499,88.75,0.45,96,None (Safe),None,normal
2025-12-06T06:05:42.800158,0.0084,0.2392,0.0105,58.88,0.12,96,None (Safe),None,normal
2025-12-06T06:07:12.800158,0.2331,0.1707,0.1613,76.28,0.39,100,None (Safe),None,normal
2025-12-06T06:08:42.800158,0.0174,0.1374,0.1853,93.64,-0.14,98,None (Safe),None,normal
2025-12-06T06:10:12.800158,0.2077,0.0276,0.1733,48.13,-0.13,98,None (Safe),None,normal
2025-12-06T06:11:42.800158,0.1812,0.1343,0.0637,38.87,0.09,99,None (Safe),None,normal
2025-12-06T06:13:12.800158,0.2263,0.074,0.0653,59.21,0.06,98,None (Safe),None,normal
2025-12-06T06:14:42.800158,0.178,0.1066,0.2263,38.51,-0.07,95,None (Safe),None,normal
2025-12-06T06:16:12.800158,0.0827,0.1693,0.1356,48.56,-0.46,99,None (Safe),None,normal
2025-12-06T06:17:42.800158,0.1099,0.2054,0.07,40.3,0.33,99,None (Safe),None,normal
2025-12-06T06:19:12.800158,0.1211,0.2287,0.1766,16.43,0.09,95,None (Safe),None,normal
2025-12-06T06:20:42.800158,0.0156,0.1787,0.1155,50.22,-0.15,98,None (Safe),None,normal
2025-12-06T06:22:12.800158,0.0396,0.2278,0.2101,79.94,-0.44,99,None (Safe),None,normal
2025-12-06T06:23:42.800158,0.0572,0.0314,0.2271,79.68,-0.05,100,None (Safe),None,normal
2025-12-06T06:25:12.800158,0.0413,0.1301,0.1121,85.65,-0.45,97,None (Safe),None,normal
2025-12-06T06:26:42.800158,0.0275,0.184,0.0799,39.91,-0.0,97,None (Safe),None,normal
2025-12-06T06:28:12.800158,0.0415,0.1233,0.0056,57.6,-0.19,98,None (Safe),None,normal
2025-12-06T06:29:42.800158,0.1947,0.2116,0.2041,29.06,-0.25,96,None (Safe),None,normal
2025-12-06T06:31:12.800158,0.0963,0.2191,0.2158,41.36,0.47,100,None (Safe),None,normal
2025-12-06T06:32:42.800158,0.211,0.0668,0.0232,29.59,0.23,99,None (Safe),None,normal
2025-12-06T06:34:12.800158,0.0192,0.1394,0.2187,84.53,-0.5,97,None (Safe),None,normal
2025-12-06T06:35:42.800158,0.0698,0.2387,0.0912,46.9,-0.43,100,None (Safe),None,normal
2025-12-06T06:37:12.800158,0.1941,0.0913,0.0721,64.7,-0.33,96,None (Safe),None,normal
2025-12-06T06:38:42.800158,0.1385,0.1431,0.1097,35.33,0.46,99,None (Safe),None,normal
2025-12-06T06:40:12.800158,0.1024,0.1389,0.1414,87.29,-0.13,98,None (Safe),None,normal
2025-12-06T06:41:42.800158,0.0838,0.1181,0.0134,83.07,0.38,96,None (Safe),None,normal
2025-12-06T06:43:12.800158,0.1937,0.0554,0.1353,98.08,0.42,95,None (Safe),None,normal
2025-12-06T06:44:42.800158,0.2013,0.2295,0.1403,41.06,-0.11,99,None (Safe),None,normal
2025-12-06T06:46:12.800158,0.1369,0.2291,0.1211,70.1,-0.18,98,None (Safe),None,normal
2025-12-06T06:47:42.800158,0.1722,0.1703,0.205,66.69,0.16,100,None (Safe),None,normal
2025-12-06T06:49:12.800158,0.019,0.1535,0.2017,72.24,-0.41,96,None (Safe),None,normal
2025-12-06T06:50:42.800158,0.1052,0.0477,0.2358,75.13,-0.1,96,None (Safe),None,normal
2025-12-06T06:52:12.800158,0.1214,0.2193,0.0285,42.25,0.06,95,None (Safe),None,normal
2025-12-06T06:53:42.800158,0.1033,0.0855,0.0439,31.46,0.03,99,None (Safe),None,normal
2025-12-06T06:55:12.800158,0.1016,0.1584,0.2352,70.28,-0.46,96,None (Safe),None,normal
2025-12-06T06:56:42.800158,0.2181,0.0692,0.1791,34.55,0.49,97,None (Safe),None,normal
2025-12-06T06:58:12.800158,0.1809,0.1869,0.2465,17.53,0.08,98,None (Safe),None,normal
2025-12-06T06:59:42.800158,0.1339,0.0167,0.0885,36.62,0.16,96,None (Safe),None,normal
2025-12-06T07:01:12.800158,0.1741,0.1915,0.0949,72.7,-0.15,98,None (Safe),None,normal
2025-12-06T07:02:42.800158,0.0835,0.2276,0.1324,61.85,0.17,99,None (Safe),None,normal
2025-12-06T07:04:12.800158,0.0588,0.1511,0.0824,73.31,-0.1,95,None (Safe),None,normal
2025-12-06T07:05:42.800158,0.0163,0.0419,0.2351,67.96,0.37,98,None (Safe),None,normal
2025-12-06T07:07:12.800158,0.0038,0.198,0.1572,92.1,-0.49,97,None (Safe),None,normal
2025-12-06T07:08:42.800158,0.1773,0.1019,0.116,67.87,0.19,97,None (Safe),None,normal
2025-12-06T07:10:12.800158,0.1598,0.0316,0.0381,82.12,0.21,99,None (Safe),None,normal
2025-12-06T07:11:42.800158,0.2096,0.2122,0.1206,15.6,-0.15,96,None (Safe),None,normal
2025-12-06T07:13:12.800158,0.1095,0.1798,0.2282,89.72,0.3,97,None (Safe),None,normal
2025-12-06T07:14:42.800158,0.0765,0.0132,0.1821,43.67,-0.19,100,None (Safe),None,normal
2025-12-06T07:16:12.800158,0.0707,0.2464,0.2376,56.94,-0.21,95,None (Safe),None,normal
2025-12-06T07:17:42.800158,0.1117,0.1578,0.0482,50.1,0.4,97,None (Safe),None,normal
2025-12-06T07:19:12.800158,0.2072,0.0177,0.2498,87.29,-0.03,99,None (Safe),None,normal
2025-12-06T07:20:42.800158,0.0508,0.0913,0.0362,76.94,0.46,99,None (Safe),None,normal
2025-12-06T07:22:12.800158,0.1484,0.0527,0.0556,99.92,-0.17,96,None (Safe),None,normal
2025-12-06T07:23:42.800158,0.1462,0.0917,0.0585,52.31,-0.42,97,None (Safe),None,normal
2025-12-06T07:25:12.800158,0.1158,0.1802,0.2221,10.44,0.49,96,None (Safe),None,normal
2025-12-06T07:26:42.800158,0.2456,0.0352,0.1664,46.09,0.07,100,None (Safe),None,normal
2025-12-06T07:28:12.800158,0.1319,0.163,0.1962,70.86,-0.28,98,None (Safe),None,normal
2025-12-06T07:29:42.800158,0.0583,0.2093,0.0283,30.36,-0.15,95,None (Safe),None,normal
2025-12-06T07:31:12.800158,0.1586,0.0384,0.2392,92.83,0.47,99,None (Safe),None,normal
2025-12-06T07:32:42.800158,0.3791,0.4621,0.494,702.72,4.03,51,45-60 days,Early-stage Rebar Corrosion,critical
2025-12-06T07:34:12.800158,0.208,0.0494,0.1579,98.4,-0.41,99,None (Safe),None,normal
2025-12-06T07:35:42.800158,0.1727,0.0856,0.1667,76.11,-0.27,97,None (Safe),None,normal
2025-12-06T07:37:12.800158,0.143,0.0396,0.1801,86.76,0.49,95,None (Safe),None,normal
2025-12-06T07:38:42.800158,0.0033,0.2331,0.2373,15.65,-0.2,99,None (Safe),None,normal
2025-12-06T07:40:12.800158,0.0063,0.1953,0.0238,65.38,-0.13,97,None (Safe),None,normal
2025-12-06T07:41:42.800158,0.1479,0.2451,0.003,32.94,0.11,98,None (Safe),None,normal
2025-12-06T07:43:12.800158,0.1575,0.0735,0.2378,60.59,-0.41,99,None (Safe),None,normal
2025-12-06T07:44:42.800158,0.1281,0.0073,0.2087,93.41,0.32,100,None (Safe),None,normal
2025-12-06T07:46:12.800158,0.1892,0.2192,0.0718,42.54,-0.02,95,None (Safe),None,normal
2025-12-06T07:47:42.800158,0.2326,0.0404,0.2027,28.5,-0.09,98,None (Safe),None,normal
2025-12-06T07:49:12.800158,0.0449,0.0982,0.0491,56.11,-0.26,95,None (Safe),None,normal
2025-12-06T07:50:42.800158,0.2301,0.1606,0.0045,89.16,0.41,97,None (Safe),None,normal
2025-12-06T07:52:12.800158,0.0074,0.1331,0.0114,59.6,0.36,100,None (Safe),None,normal
2025-12-06T07:53:42.800158,0.0826,0.1368,0.1491,42.09,-0.23,96,None (Safe),None,normal
2025-12-06T07:55:12.800158,0.2017,0.0567,0.1673,27.9,-0.49,97,None (Safe),None,normal
2025-12-06T07:56:42.800158,0.207,0.2005,0.04,25.81,-0.36,98,None (Safe),None,normal
2025-12-06T07:58:12.800158,0.0698,0.2259,0.0999,73.69,0.21,100,None (Safe),None,normal
2025-12-06T07:59:42.800158,0.0584,0.115,0.0642,93.07,0.23,96,None (Safe),None,normal
2025-12-06T08:01:12.800158,0.1528,0.0039,0.0369,35.16,0.37,99,None (Safe),None,normal
2025-12-06T08:02:42.800158,0.0718,0.1873,0.2029,87.46,0.48,95,None (Safe),None,normal
2025-12-06T08:04:12.800158,0.0485,0.1648,0.0298,45.19,-0.02,96,None (Safe),None,normal
2025-12-06T08:05:42.800158,0.2187,0.2295,0.0955,41.97,-0.04,96,None (Safe),None,normal
2025-12-06T08:07:12.800158,0.0795,0.0934,0.0867,53.23,-0.18,98,None (Safe),None,normal
2025-12-06T08:08:42.800158,0.0436,0.1648,0.0679,13.53,0.03,98,None (Safe),None,normal
2025-12-06T08:10:12.800158,0.0476,0.2128,0.0393,31.14,0.13,99,None (Safe),None,normal
2025-12-06T08:11:42.800158,0.236,0.2411,0.0141,63.22,-0.48,99,None (Safe),None,normal
2025-12-06T08:13:12.800158,0.1601,0.1404,0.1114,46.12,0.3,99,None (Safe),None,normal
2025-12-06T08:14:42.800158,0.1357,0.2478,0.099,10.23,-0.05,100,None (Safe),None,normal
2025-12-06T08:16:12.800158,0.1184,0.1012,0.2082,73.13,0.23,100,None (Safe),None,normal
2025-12-06T08:17:42.800158,0.3885,0.4574,0.6846,789.33,2.43,65,45-60 days,Early-stage Rebar Corrosion,critical
2025-12-06T08:19:12.800158,0.1716,0.0227,0.1735,92.3,-0.22,100,None (Safe),None,normal
2025-12-06T08:20:42.800158,0.1841,0.0879,0.1527,39.79,-0.42,100,None (Safe),None,normal
2025-12-06T08:22:12.800158,0.0995,0.0492,0.1499,77.87,-0.46,96,None (Safe),None,normal
2025-12-06T08:23:42.800158,0.0194,0.0387,0.1768,75.33,-0.01,96,None (Safe),None,normal
2025-12-06T08:25:12.800158,0.1254,0.099,0.2335,20.25,-0.05,99,None (Safe),None,normal
2025-12-06T08:26:42.800158,0.0941,0.0358,0.1706,57.89,0.41,100,None (Safe),None,normal
2025-12-06T08:28:12.800158,0.1538,0.0695,0.1861,31.11,0.17,100,None (Safe),None,normal
2025-12-06T08:29:42.800158,0.1319,0.158,0.1297,51.47,0.29,95,None (Safe),None,normal
2025-12-06T08:31:12.800158,0.1833,0.2454,0.1474,76.3,0.26,100,None (Safe),None,normal
2025-12-06T08:32:42.800158,0.1359,0.2084,0.0561,26.43,0.15,95,None (Safe),None,normal
2025-12-06T08:34:12.800158,0.0614,0.2452,0.1716,46.64,-0.13,96,None (Safe),None,normal
2025-12-06T08:35:42.800158,0.1607,0.1856,0.2478,69.45,0.21,97,None (Safe),None,normal
2025-12-06T08:37:12.800158,0.1516,0.2008,0.106,22.17,0.46,97,None (Safe),None,normal
2025-12-06T08:38:42.800158,0.214,0.1424,0.0244,54.13,-0.28,96,None (Safe),None,normal
2025-12-06T08:40:12.800158,0.1394,0.1237,0.1694,67.77,-0.21,96,None (Safe),None,normal
2025-12-06T08:41:42.800158,0.0489,0.0094,0.0041,29.17,0.38,95,None (Safe),None,normal
2025-12-06T08:43:12.800158,0.0718,0.1217,0.1632,33.56,-0.31,96,None (Safe),None,normal
2025-12-06T08:44:42.800158,0.5973,0.3264,0.7273,792.3,3.79,61,45-60 days,Early-stage Rebar Corrosion,critical
2025-12-06T08:46:12.800158,0.0281,0.2154,0.1736,89.32,-0.4,99,None (Safe),None,normal
2025-12-06T08:47:42.800158,0.063,0.0615,0.1261,25.47,-0.4,97,None (Safe),None,normal
2025-12-06T08:49:12.800158,0.0678,0.0173,0.2339,70.29,-0.32,100,None (Safe),None,normal
2025-12-06T08:50:42.800158,0.2201,0.0934,0.128,31.92,0.44,96,None (Safe),None,normal
2025-12-06T08:52:12.800158,0.0535,0.1217,0.0936,72.24,-0.38,95,None (Safe),None,normal
2025-12-06T08:53:42.800158,0.0412,0.1546,0.1464,98.05,-0.29,98,None (Safe),None,normal
2025-12-06T08:55:12.800158,0.0286,0.0627,0.1706,44.95,-0.25,96,None (Safe),None,normal
2025-12-06T08:56:42.800158,0.1341,0.1064,0.122,16.07,0.35,97,None (Safe),None,normal
2025-12-06T08:58:12.800158,0.1803,0.2409,0.0139,77.29,-0.32,97,None (Safe),None,normal
2025-12-06T08:59:42.800158,0.1358,0.2257,0.196,30.94,0.32,100,None (Safe),None,normal
2025-12-06T09:01:12.800158,0.0856,0.1097,0.0146,15.86,-0.49,95,None (Safe),None,normal
2025-12-06T09:02:42.800158,0.0346,0.2415,0.0699,89.4,0.08,97,None (Safe),None,normal
2025-12-06T09:04:12.800158,0.0938,0.0918,0.1819,10.36,-0.45,95,None (Safe),None,normal
2025-12-06T09:05:42.800158,0.1256,0.2077,0.1264,14.31,0.39,99,None (Safe),None,normal
2025-12-06T09:07:12.800158,0.0432,0.0547,0.2157,38.31,-0.32,100,None (Safe),None,normal
2025-12-06T09:08:42.800158,0.0207,0.0418,0.0807,27.56,-0.24,99,None (Safe),None,normal
2025-12-06T09:10:12.800158,0.0209,0.2231,0.1636,98.59,-0.24,100,None (Safe),None,normal
2025-12-06T09:11:42.800158,0.0716,0.0171,0.1139,31.01,0.26,98,None (Safe),None,normal
2025-12-06T09:13:12.800158,0.1874,0.1793,0.1216,75.32,-0.28,96,None (Safe),None,normal
2025-12-06T09:14:42.800158,0.2202,0.1943,0.0746,43.77,0.01,98,None (Safe),None,normal
2025-12-06T09:16:12.800158,0.23,0.0603,0.2164,17.07,-0.47,99,None (Safe),None,normal
2025-12-06T09:17:42.800158,0.0958,0.0044,0.0122,20.93,-0.08,99,None (Safe),None,normal
2025-12-06T09:19:12.800158,0.2076,0.1238,0.1216,82.0,0.19,100,None (Safe),None,normal
2025-12-06T09:20:42.800158,0.5339,0.5116,0.7589,891.94,2.59,49,45-60 days,Early-stage Rebar Corrosion,critical
2025-12-06T09:22:12.800158,0.1843,0.1137,0.1745,75.15,0.13,99,None (Safe),None,normal
2025-12-06T09:23:42.800158,0.0964,0.1785,0.2243,62.72,-0.2,99,None (Safe),None,normal
2025-12-06T09:25:12.800158,0.0794,0.2208,0.0212,97.3,0.25,96,None (Safe),None,normal
2025-12-06T09:26:42.800158,0.1277,0.053,0.2219,15.33,-0.16,99,None (Safe),None,normal
2025-12-06T09:28:12.800158,0.1052,0.0909,0.0909,16.4,-0.19,98,None (Safe),None,normal
2025-12-06T09:29:42.800158,0.0493,0.1229,0.1355,63.52,0.24,95,None (Safe),None,normal
2025-12-06T09:31:12.800158,0.0508,0.1491,0.1675,41.37,0.19,97,None (Safe),None,normal
2025-12-06T09:32:42.800158,0.0432,0.0291,0.1682,73.37,0.13,97,None (Safe),None,normal
2025-12-06T09:34:12.800158,0.0074,0.0928,0.1679,17.42,-0.05,98,None (Safe),None,normal
2025-12-06T09:35:42.800158,0.052,0.2036,0.0282,90.71,-0.1,99,None (Safe),None,normal
2025-12-06T09:37:12.800158,0.1928,0.1067,0.1018,78.58,0.5,96,None (Safe),None,normal
2025-12-06T09:38:42.800158,0.2361,0.0959,0.0072,72.46,0.08,95,None (Safe),None,normal
2025-12-06T09:40:12.800158,0.1036,0.1518,0.0501,68.81,0.38,99,None (Safe),None,normal
2025-12-06T09:41:42.800158,0.1998,0.0873,0.0674,38.93,0.5,97,None (Safe),None,normal
2025-12-06T09:43:12.800158,0.0486,0.0375,0.1394,38.6,0.34,100,None (Safe),None,normal
2025-12-06T09:44:42.800158,0.2084,0.0774,0.1132,66.6,-0.22,100,None (Safe),None,normal
2025-12-06T09:46:12.800158,0.1122,0.1233,0.1366,28.96,-0.41,99,None (Safe),None,normal
2025-12-06T09:47:42.800158,0.1034,0.146,0.2429,57.62,-0.04,97,None (Safe),None,normal
2025-12-06T09:49:12.800158,0.0896,0.1105,0.0502,32.98,-0.09,98,None (Safe),None,normal
2025-12-06T09:50:42.800158,0.0397,0.1718,0.0615,20.9,-0.24,96,None (Safe),None,normal
2025-12-06T09:52:12.800158,0.1078,0.0754,0.1271,81.0,-0.43,98,None (Safe),None,normal
2025-12-06T09:53:42.800158,0.0334,0.1816,0.1596,65.64,-0.26,99,None (Safe),None,normal
2025-12-06T09:55:12.800158,0.1492,0.0692,0.0152,45.42,-0.3,99,None (Safe),None,normal
2025-12-06T09:56:42.800158,0.116,0.0919,0.2018,44.86,-0.49,96,None (Safe),None,normal
2025-12-06T09:58:12.800158,0.029,0.1307,0.1385,21.43,-0.1,97,None (Safe),None,normal
2025-12-06T09:59:42.800158,0.019,0.2109,0.1811,68.4,0.21,99,None (Safe),None,normal
2025-12-06T10:01:12.800158,0.1668,0.0774,0.1066,56.8,0.3,100,None (Safe),None,normal
2025-12-06T10:02:42.800158,0.6909,0.5852,0.5806,875.06,2.83,53,45-60 days,Early-stage Rebar Corrosion,critical
2025-12-06T10:04:12.800158,0.0022,0.0176,0.012,26.18,0.01,98,None (Safe),None,normal
2025-12-06T10:05:42.800158,0.2343,0.1029,0.118,91.43,0.47,100,None (Safe),None,normal
2025-12-06T10:07:12.800158,0.2271,0.0458,0.1773,79.99,-0.01,95,None (Safe),None,normal
2025-12-06T10:08:42.800158,0.0562,0.2491,0.0628,39.05,-0.13,96,None (Safe),None,normal
2025-12-06T10:10:12.800158,0.0259,0.1976,0.0125,61.25,0.07,99,None (Safe),None,normal
2025-12-06T10:11:42.800158,0.0751,0.2136,0.2497,55.24,0.45,96,None (Safe),None,normal
2025-12-06T10:13:12.800158,0.0975,0.0757,0.1873,61.7,-0.34,98,None (Safe),None,normal
2025-12-06T10:14:42.800158,0.2322,0.0222,0.0497,84.3,-0.5,97,None (Safe),None,normal
2025-12-06T10:16:12.800158,0.1781,0.0596,0.1917,78.35,-0.14,100,None (Safe),None,normal
2025-12-06T10:17:42.800158,0.2062,0.0807,0.1789,69.17,-0.03,96,None (Safe),None,normal
2025-12-06T10:19:12.800158,0.0132,0.0966,0.1071,15.96,-0.2,99,None (Safe),None,normal
2025-12-06T10:20:42.800158,0.1497,0.1566,0.065,99.16,0.01,99,None (Safe),None,normal
2025-12-06T10:22:12.800158,0.0818,0.121,0.1483,20.0,-0.43,99,None (Safe),None,normal
2025-12-06T10:23:42.800158,0.1895,0.1145,0.0202,97.87,0.08,96,None (Safe),None,normal
2025-12-06T10:25:12.800158,0.1445,0.039,0.0761,40.79,-0.21,99,None (Safe),None,normal
2025-12-06T10:26:42.800158,0.1063,0.1862,0.0104,57.88,-0.38,95,None (Safe),None,normal
2025-12-06T10:28:12.800158,0.1566,0.0209,0.1302,66.53,-0.47,95,None (Safe),None,normal
2025-12-06T10:29:42.800158,0.2015,0.1162,0.0433,98.13,0.03,95,None (Safe),None,normal
2025-12-06T10:31:12.800158,0.6571,0.514,0.4853,532.72,2.07,57,45-60 days,Early-stage Rebar Corrosion,critical
2025-12-06T10:32:42.800158,0.2316,0.2309,0.0849,65.62,0.25,100,None (Safe),None,normal
2025-12-06T10:34:12.800158,0.0652,0.2174,0.1833,17.38,0.19,97,None (Safe),None,normal
2025-12-06T10:35:42.800158,0.0793,0.2309,0.119,51.31,-0.17,100,None (Safe),None,normal
2025-12-06T10:37:12.800158,0.1576,0.0416,0.0258,59.28,-0.5,95,None (Safe),None,normal
2025-12-06T10:38:42.800158,0.0568,0.0755,0.1238,20.17,-0.42,96,None (Safe),None,normal
2025-12-06T10:40:12.800158,0.0152,0.0101,0.167,62.05,0.22,95,None (Safe),None,normal
2025-12-06T10:41:42.800158,0.1001,0.2396,0.05,62.72,0.22,95,None (Safe),None,normal
2025-12-06T10:43:12.800158,0.0394,0.1044,0.0734,11.71,0.26,97,None (Safe),None,normal
2025-12-06T10:44:42.800158,0.2472,0.1593,0.0768,70.95,0.04,100,None (Safe),None,normal
2025-12-06T10:46:12.800158,0.1689,0.1147,0.1065,50.88,-0.49,100,None (Safe),None,normal
2025-12-06T10:47:42.800158,0.0276,0.1274,0.048,11.57,-0.47,95,None (Safe),None,normal
2025-12-06T10:49:12.800158,0.7718,0.7931,0.5577,694.85,2.61,59,45-60 days,Early-stage Rebar Corrosion,critical
2025-12-06T10:50:42.800158,0.151,0.131,0.1259,99.11,0.45,96,None (Safe),None,normal
2025-12-06T10:52:12.800158,0.0332,0.0953,0.1003,37.17,0.37,95,None (Safe),None,normal
2025-12-06T10:53:42.800158,0.0129,0.0928,0.114,17.49,0.33,97,None (Safe),None,normal
2025-12-06T10:55:12.800158,0.1806,0.2294,0.1238,13.49,0.34,97,None (Safe),None,normal
2025-12-06T10:56:42.800158,0.0215,0.15,0.1179,39.87,0.13,96,None (Safe),None,normal
2025-12-06T10:58:12.800158,0.0248,0.0021,0.0121,52.68,-0.27,97,None (Safe),None,normal
2025-12-06T10:59:42.800158,0.1385,0.0044,0.1468,40.48,-0.32,100,None (Safe),None,normal
2025-12-06T11:01:12.800158,0.24,0.0242,0.1301,11.66,0.11,99,None (Safe),None,normal
2025-12-06T11:02:42.800158,0.1183,0.2463,0.1262,32.71,-0.35,100,None (Safe),None,normal
2025-12-06T11:04:12.800158,0.2202,0.2389,0.1165,16.13,-0.36,96,None (Safe),None,normal
2025-12-06T11:05:42.800158,0.0013,0.1443,0.0979,81.1,0.18,100,None (Safe),None,normal
2025-12-06T11:07:12.800158,0.2029,0.1982,0.2422,67.49,0.32,98,None (Safe),None,normal
2025-12-06T11:08:42.800158,0.2047,0.0352,0.0407,87.46,0.4,97,None (Safe),None,normal
2025-12-06T11:10:12.800158,0.0737,0.0841,0.043,44.96,-0.15,100,None (Safe),None,normal
2025-12-06T11:11:42.800158,0.1827,0.2201,0.1851,34.28,-0.36,96,None (Safe),None,normal
2025-12-06T11:13:12.800158,0.1809,0.1042,0.2402,25.29,0.04,99,None (Safe),None,normal
2025-12-06T11:14:42.800158,0.1812,0.1781,0.2443,84.0,-0.14,99,None (Safe),None,normal
2025-12-06T11:16:12.800158,0.0797,0.1809,0.1046,14.27,0.46,96,None (Safe),None,normal
2025-12-06T11:17:42.800158,0.2261,0.0151,0.0231,30.5,0.38,98,None (Safe),None,normal
2025-12-06T11:19:12.800158,0.2349,0.2046,0.0975,40.43,-0.2,98,None (Safe),None,normal
2025-12-06T11:20:42.800158,0.1264,0.0484,0.1462,41.18,-0.29,96,None (Safe),None,normal
2025-12-06T11:22:12.800158,0.2408,0.1877,0.1144,42.06,-0.44,100,None (Safe),None,normal
2025-12-06T11:23:42.800158,0.1372,0.2177,0.1321,33.8,-0.33,97,None (Safe),None,normal
2025-12-06T11:25:12.800158,0.2043,0.1992,0.224,57.13,-0.04,100,None (Safe),None,normal
2025-12-06T11:26:42.800158,0.0726,0.1611,0.131,32.11,0.41,95,None (Safe),None,normal
2025-12-06T11:28:12.800158,0.0921,0.0728,0.1211,44.92,-0.33,99,None (Safe),None,normal
2025-12-06T11:29:42.800158,0.2195,0.208,0.1192,10.38,-0.25,95,None (Safe),None,normal
2025-12-06T11:31:12.800158,0.1976,0.0118,0.098,45.42,-0.45,97,None (Safe),None,normal
2025-12-06T11:32:42.800158,0.1679,0.2148,0.0517,79.27,0.24,98,None (Safe),None,normal
2025-12-06T11:34:12.800158,0.0144,0.188,0.0508,59.41,-0.05,96,None (Safe),None,normal
2025-12-06T11:35:42.800158,0.1034,0.1579,0.0931,95.32,-0.12,97,None (Safe),None,normal
2025-12-06T11:37:12.800158,0.2319,0.0111,0.0708,85.64,0.04,96,None (Safe),None,normal
2025-12-06T11:38:42.800158,0.1279,0.1807,0.0284,94.97,-0.19,97,None (Safe),None,normal
2025-12-06T11:40:12.800158,0.1622,0.0368,0.0206,25.07,0.34,97,None (Safe),None,normal
2025-12-06T11:41:42.800158,0.0692,0.2314,0.1817,68.94,0.04,97,None (Safe),None,normal
2025-12-06T11:43:12.800158,0.1233,0.1458,0.1683,11.01,-0.25,97,None (Safe),None,normal
2025-12-06T11:44:42.800158,0.2174,0.0516,0.1728,18.1,-0.07,96,None (Safe),None,normal
2025-12-06T11:46:12.800158,0.1358,0.1052,0.0554,82.14,-0.16,95,None (Safe),None,normal
2025-12-06T11:47:42.800158,0.0112,0.0147,0.1771,33.33,0.29,99,None (Safe),None,normal
2025-12-06T11:49:12.800158,0.0836,0.0045,0.2009,97.33,-0.01,99,None (Safe),None,normal
2025-12-06T11:50:42.800158,0.0938,0.0572,0.2023,17.92,-0.49,96,None (Safe),None,normal
2025-12-06T11:52:12.800158,0.1051,0.0707,0.0459,98.05,-0.2,95,None (Safe),None,normal
2025-12-06T11:53:42.800158,0.1504,0.2447,0.2249,82.72,-0.33,100,None (Safe),None,normal
2025-12-06T11:55:12.800158,0.2191,0.1676,0.1129,55.03,0.35,99,None (Safe),None,normal
2025-12-06T11:56:42.800158,0.1823,0.174,0.2251,22.91,0.03,95,None (Safe),None,normal
2025-12-06T11:58:12.800158,0.0393,0.0845,0.1864,11.63,-0.37,97,None (Safe),None,normal
2025-12-06T11:59:42.800158,0.2368,0.2188,0.2302,82.08,0.45,97,None (Safe),None,normal
2025-12-06T12:01:12.800158,0.1696,0.0416,0.1803,19.07,-0.06,98,None (Safe),None,normal
2025-12-06T12:02:42.800158,0.0373,0.085,0.0191,85.95,-0.34,96,None (Safe),None,normal
2025-12-06T12:04:12.800158,0.1257,0.0425,0.0431,25.76,-0.41,97,None (Safe),None,normal
2025-12-06T12:05:42.800158,0.0071,0.1528,0.1901,63.03,0.27,97,None (Safe),None,normal
2025-12-06T12:07:12.800158,0.0326,0.1708,0.1932,76.37,-0.43,98,None (Safe),None,normal
2025-12-06T12:08:42.800158,0.065,0.0762,0.1316,65.15,-0.22,99,None (Safe),None,normal
2025-12-06T12:10:12.800158,0.1383,0.0807,0.1278,58.61,0.06,100,None (Safe),None,normal
2025-12-06T12:11:42.800158,0.1854,0.1002,0.1868,31.11,-0.32,100,None (Safe),None,normal
2025-12-06T12:13:12.800158,0.5051,0.7505,0.5936,921.68,4.84,64,45-60 days,Early-stage Rebar Corrosion,critical
2025-12-06T12:14:42.800158,0.2255,0.2396,0.1493,67.68,-0.1,98,None (Safe),None,normal
2025-12-06T12:16:12.800158,0.2453,0.1603,0.1007,13.99,-0.3,95,None (Safe),None,normal
2025-12-06T12:17:42.800158,0.1707,0.1108,0.0022,92.03,-0.21,98,None (Safe),None,normal
2025-12-06T12:19:12.800158,0.0146,0.2026,0.2343,73.12,0.16,97,None (Safe),None,normal
2025-12-06T12:20:42.800158,0.0935,0.0355,0.2338,32.22,0.15,95,None (Safe),None,normal
2025-12-06T12:22:12.800158,0.019,0.1167,0.1264,74.77,-0.26,96,None (Safe),None,normal
2025-12-06T12:23:42.800158,0.0488,0.0238,0.2216,46.59,0.43,96,None (Safe),None,normal
2025-12-06T12:25:12.800158,0.4653,0.5992,0.6746,750.79,2.15,50,45-60 days,Early-stage Rebar Corrosion,critical
2025-12-06T12:26:42.800158,0.1416,0.143,0.0227,41.48,0.29,95,None (Safe),None,normal
2025-12-06T12:28:12.800158,0.1972,0.0311,0.2061,62.65,0.16,95,None (Safe),None,normal
2025-12-06T12:29:42.800158,0.0044,0.1506,0.0918,62.48,0.01,96,None (Safe),None,normal
2025-12-06T12:31:12.800158,0.0059,0.0749,0.021,56.83,-0.19,97,None (Safe),None,normal
2025-12-06T12:32:42.800158,0.1334,0.1816,0.1748,13.52,-0.15,95,None (Safe),None,normal
2025-12-06T12:34:12.800158,0.7587,0.6791,0.6879,598.54,2.43,55,45-60 days,Early-stage Rebar Corrosion,critical
2025-12-06T12:35:42.800158,0.0165,0.0473,0.2115,75.3,0.13,97,None (Safe),None,normal
2025-12-06T12:37:12.800158,0.1371,0.1641,0.1538,15.88,0.32,95,None (Safe),None,normal
2025-12-06T12:38:42.800158,0.1239,0.0323,0.0175,29.27,-0.35,98,None (Safe),None,normal
2025-12-06T12:40:12.800158,0.049,0.0384,0.1425,72.91,-0.43,96,None (Safe),None,normal
2025-12-06T12:41:42.800158,0.1963,0.2187,0.1814,69.94,0.31,95,None (Safe),None,normal
2025-12-06T12:43:12.800158,0.0606,0.246,0.0165,25.28,0.29,95,None (Safe),None,normal
2025-12-06T12:44:42.800158,0.0879,0.0472,0.1453,58.16,0.43,100,None (Safe),None,normal
2025-12-06T12:46:12.800158,0.0101,0.2206,0.1023,64.64,-0.17,98,None (Safe),None,normal
2025-12-06T12:47:42.800158,0.1489,0.2431,0.1348,20.25,-0.27,96,None (Safe),None,normal
2025-12-06T12:49:12.800158,0.1079,0.0649,0.1182,77.08,0.39,95,None (Safe),None,normal
2025-12-06T12:50:42.800158,0.2319,0.0624,0.0676,95.79,0.35,96,None (Safe),None,normal
2025-12-06T12:52:12.800158,0.0795,0.2473,0.2234,50.11,-0.35,100,None (Safe),None,normal
2025-12-06T12:53:42.800158,0.2405,0.2289,0.2198,85.88,-0.33,96,None (Safe),None,normal
2025-12-06T12:55:12.800158,0.1667,0.2112,0.091,23.58,-0.07,99,None (Safe),None,normal
2025-12-06T12:56:42.800158,0.1811,0.0668,0.2193,48.88,-0.35,95,None (Safe),None,normal
2025-12-06T12:58:12.800158,0.0685,0.1911,0.1744,18.58,0.09,96,None (Safe),None,normal
2025-12-06T12:59:42.800158,0.1792,0.2483,0.1841,56.12,0.33,97,None (Safe),None,normal
2025-12-06T13:01:12.800158,0.0501,0.0795,0.0527,54.93,-0.08,97,None (Safe),None,normal
2025-12-06T13:02:42.800158,0.1371,0.1111,0.1222,16.3,0.26,100,None (Safe),None,normal
2025-12-06T13:04:12.800158,0.0705,0.1562,0.1098,83.32,0.01,96,None (Safe),None,normal
2025-12-06T13:05:42.800158,0.0309,0.1505,0.0994,60.94,0.16,95,None (Safe),None,normal
2025-12-06T13:07:12.800158,0.2157,0.0226,0.2283,94.3,0.45,100,None (Safe),None,normal
2025-12-06T13:08:42.800158,0.194,0.1595,0.0036,96.74,0.26,99,None (Safe),None,normal
2025-12-06T13:10:12.800158,0.017,0.1275,0.2213,25.71,0.23,100,None (Safe),None,normal
2025-12-06T13:11:42.800158,0.1172,0.1594,0.1611,36.54,-0.29,100,None (Safe),None,normal
2025-12-06T13:13:12.800158,0.1695,0.1956,0.1137,57.0,0.12,100,None (Safe),None,normal
2025-12-06T13:14:42.800158,0.2245,0.1053,0.1954,61.24,-0.12,99,None (Safe),None,normal
2025-12-06T13:16:12.800158,0.0762,0.1122,0.1088,14.28,0.31,97,None (Safe),None,normal
2025-12-06T13:17:42.800158,0.0108,0.0647,0.0925,89.94,-0.14,96,None (Safe),None,normal
2025-12-06T13:19:12.800158,0.0688,0.124,0.1417,23.44,0.06,98,None (Safe),None,normal
2025-12-06T13:20:42.800158,0.1519,0.1823,0.126,19.12,0.4,98,None (Safe),None,normal
2025-12-06T13:22:12.800158,0.0727,0.1733,0.1511,68.51,-0.43,98,None (Safe),None,normal
2025-12-06T13:23:42.800158,0.1931,0.2132,0.072,71.61,0.03,96,None (Safe),None,normal
2025-12-06T13:25:12.800158,0.2367,0.1599,0.0453,47.99,0.3,95,None (Safe),None,normal
2025-12-06T13:26:42.800158,0.1401,0.1142,0.1847,11.21,-0.1,97,None (Safe),None,normal
2025-12-06T13:28:12.800158,0.1125,0.1491,0.0185,88.99,0.34,100,None (Safe),None,normal
2025-12-06T13:29:42.800158,0.1587,0.0688,0.156,55.52,-0.3,96,None (Safe),None,normal
2025-12-06T13:31:12.800158,0.2153,0.139,0.1282,72.04,-0.22,100,None (Safe),None,normal
2025-12-06T13:32:42.800158,0.1946,0.1537,0.0033,90.44,-0.03,97,None (Safe),None,normal
2025-12-06T13:34:12.800158,0.0552,0.0083,0.0961,38.21,-0.13,97,None (Safe),None,normal
2025-12-06T13:35:42.800158,0.2268,0.1866,0.1919,90.83,0.36,96,None (Safe),None,normal
2025-12-06T13:37:12.800158,0.1421,0.0228,0.1171,74.13,-0.39,96,None (Safe),None,normal
2025-12-06T13:38:42.800158,0.1717,0.0298,0.02,24.75,0.23,97,None (Safe),None,normal
2025-12-06T13:40:12.800158,0.5148,0.6257,0.4215,746.11,3.86,47,45-60 days,Early-stage Rebar Corrosion,critical
2025-12-06T13:41:42.800158,0.0576,0.0316,0.2229,68.92,-0.11,95,None (Safe),None,normal
2025-12-06T13:43:12.800158,0.1442,0.2165,0.0968,50.03,0.18,100,None (Safe),None,normal
2025-12-06T13:44:42.800158,0.0397,0.1179,0.1654,46.52,0.02,97,None (Safe),None,normal
2025-12-06T13:46:12.800158,0.0551,0.0813,0.2407,60.01,0.23,97,None (Safe),None,normal
2025-12-06T13:47:42.800158,0.2011,0.2191,0.0699,30.89,0.07,98,None (Safe),None,normal
2025-12-06T13:49:12.800158,0.0523,0.2362,0.0164,76.75,0.36,96,None (Safe),None,normal
2025-12-06T13:50:42.800158,0.2205,0.2245,0.065,20.73,-0.44,95,None (Safe),None,normal
2025-12-06T13:52:12.800158,0.0334,0.215,0.0073,76.62,0.21,95,None (Safe),None,normal
2025-12-06T13:53:42.800158,0.1126,0.1807,0.193,21.47,0.21,97,None (Safe),None,normal
2025-12-06T13:55:12.800158,0.2184,0.0109,0.0721,58.93,-0.02,95,None (Safe),None,normal
2025-12-06T13:56:42.800158,0.1388,0.0058,0.2389,43.77,0.43,98,None (Safe),None,normal
2025-12-06T13:58:12.800158,0.031,0.0917,0.1256,50.3,-0.01,97,None (Safe),None,normal
2025-12-06T13:59:42.800158,0.4006,0.5443,0.3441,526.25,2.57,58,45-60 days,Early-stage Rebar Corrosion,critical
2025-12-06T14:01:12.800158,0.2292,0.0704,0.0195,52.13,0.27,100,None (Safe),None,normal
2025-12-06T14:02:42.800158,0.2291,0.2358,0.0509,70.22,-0.18,95,None (Safe),None,normal
2025-12-06T14:04:12.800158,0.03,0.217,0.058,74.4,0.14,97,None (Safe),None,normal
2025-12-06T14:05:42.800158,0.1512,0.0185,0.1642,32.03,0.18,100,None (Safe),None,normal
2025-12-06T14:07:12.800158,0.1569,0.028,0.2117,37.0,0.26,99,None (Safe),None,normal
2025-12-06T14:08:42.800158,0.0556,0.0277,0.1463,76.67,0.15,95,None (Safe),None,normal
2025-12-06T14:10:12.800158,0.1407,0.0994,0.1151,96.68,-0.37,99,None (Safe),None,normal
2025-12-06T14:11:42.800158,0.1547,0.2098,0.1739,37.06,-0.15,96,None (Safe),None,normal
2025-12-06T14:13:12.800158,0.4118,0.5182,0.5545,823.4,2.9,58,45-60 days,Early-stage Rebar Corrosion,critical
2025-12-06T14:14:42.800158,0.0045,0.2121,0.2338,49.94,-0.48,100,None (Safe),None,normal
2025-12-06T14:16:12.800158,0.0426,0.246,0.2029,21.69,0.31,97,None (Safe),None,normal
2025-12-06T14:17:42.800158,0.0518,0.0894,0.1328,22.24,-0.46,97,None (Safe),None,normal
2025-12-06T14:19:12.800158,0.0877,0.1175,0.1645,94.47,-0.39,98,None (Safe),None,normal
2025-12-06T14:20:42.800158,0.0242,0.2161,0.017,72.61,-0.31,95,None (Safe),None,normal
2025-12-06T14:22:12.800158,0.203,0.1441,0.117,10.74,-0.35,95,None (Safe),None,normal
2025-12-06T14:23:42.800158,0.0075,0.1436,0.0625,12.0,0.12,95,None (Safe),None,normal
2025-12-06T14:25:12.800158,0.0265,0.0819,0.204,26.52,0.25,97,None (Safe),None,normal
2025-12-06T14:26:42.800158,0.0844,0.1415,0.0844,31.32,0.2,97,None (Safe),None,normal
